Title,FullText,Author,Url,Date
"Hari Kelautan Nasional 2 Juli: Sejarah, Tujuan, dan Cara Merayakan","Hari Kelautan Nasionaldiperingati setiap 2 Juli sebagai momen penting untuk meningkatkan kesadaran masyarakat akan potensi dan pentingnya laut Indonesia. Peringatan ini menjadi pengingat bahwa Indonesia sebagai negara kepulauan memiliki kekayaan laut yang luar biasa, sekaligus tanggung jawab besar untuk menjaganya. Lantas, bagaimana asal usul Hari Kelautan Nasional, apa tujuannya, dan bagaimana cara masyarakat bisa ikut merayakannya? Peringatan ini memiliki akar sejarah yang kuat dalam kesadaran akan identitas Indonesia sebagai negara kepulauan terbesar di dunia, dengan wilayah laut yang sangat luas dan kekayaan maritim yang melimpah. Secara luas, penetapan tanggal 2 Juli sebagai Hari Kelautan Nasional sering kali dikaitkan dengan masa pemerintahan Presiden Soeharto pada tahun 1972. SCROLL TO CONTINUE WITH CONTENT Banyak sumber, termasuk beberapa situs pemerintah daerah sepertiDinas Kelautan dan Perikanan Provinsi GorontalodanRadio Republik Indonesia (RRI), menyebutkan bahwa penetapan ini dilakukan melalui Keputusan Presiden (Keppres) Nomor 5 Tahun 1972. Peringatan pertama disebut-sebut telah dilaksanakan pada 2 Juli 1972. Tujuan utama penetapan ini adalah untuk meningkatkan kesadaran masyarakat akan pentingnya laut, menjaga kelestariannya, dan memanfaatkan potensi maritim secara berkelanjutan. Peringatan Hari Kelautan Nasional bertujuan untuk: Peringatan Hari Kelautan Nasional biasanya diisi dengan berbagai kegiatan, baik yang bersifat edukatif, sosial, maupun kampanye lingkungan. Berikut beberapa cara yang bisa dilakukan untuk ikut memperingatinya: ",Widhia Arum Wibawana,https://news.detik.com/berita/d-7990937/hari-kelautan-nasional-2-juli-sejarah-tujuan-dan-cara-merayakan,2025/07/02 06:05:21
Kisah Mereka yang Jadi Tawanan Perang Rusia,"Setelah dua setengah tahun ditawan Rusia, Jurij Khultschuk kembali ke Ukraina. Di sebuah video yang beredar di media sosial tampak sang ibu memeluknya, tetapi dia merespons dengan dingin. Beberapa hari kemudian, dia mulai menceritakan penyiksaan yang dialaminya. Jurij Hultschuk yang berusia 23 tahun, lahir dan besar di Kyiv. Dia sempat belajar bahasa asing dan mengikuti pertukaran pelajar ke Hungaria dan Jerman. Ia juga pernah menjelajahi negara-negara Eropa dan Cina. Saat tidak berhasil menemukan pekerjaan dan membutuhkan uang, dia secara sukarela bergabung dengan tentara Ukraina pada bulan Desember 2021. Dia bergabung dengan Brigade Marinir ke-36 turut serta bertempur di Mariupol saat invasi besar-besaran Rusia ke Ukraina dimulai. April 2022, Jurij Hultschuk ditawan oleh Rusia selama dua setengah tahun di desa Olenivka, di wilayah Donetsk yang diduduki Rusia. SCROLL TO CONTINUE WITH CONTENT Tempat penahanan tentara Ukraina ini juga disebut sebagai ""kamp konsentrasi"" karena kondisi penjara yang tidak manusiawi. Juli 2022, lebih dari 50 tahanan Ukraina tewas dalam sebuah ledakan. Moskow dan Kyiv saling tuding pihak lain sebagai penyebabnya. Jurij Hulchuk kemudian dipindahkan di wilayah Ryazan, Mordovia. Dia dapat kembali ke Ukraina lewat program pertukaran tahanan pada September 2024. Selain Jurij Hultschuk, Wlad Sadorin yang berusia 26 tahun, juga melaporkan penyiksaan sistematis di tahanan Rusia. Dia bergabung dengan angkatan bersenjata Ukraina pada tahun 2019 dan bertugas di Brigade Marinir ke-35. Pada awal invasi besar-besaran Rusia di bulan Februari 2022, dia ditugaskan di Zmiinyi Island yang terletak di Laut Hitam. Di sana, dia ditangkap oleh tentara angkatan laut Rusia. Pada bulan Januari 2024 sebagai bagian dari pertukaran tahanan, dia dibebaskan. Meskipun menggambarkan pengalaman yang serupa, Jurij Hultschuk dan Wlad Sadorin merespons dengan berbeda. ""Saya diminta untuk mempublikasikan nama lengkap dan tempat tinggal karyawan pusat rahasia IK-10 di Mordovia,"" kata Jurij. Penyiksaan fisik kerap diberikan pada tawanan Rusia dengan menggunakan alat kejut listrik yang menargetkan alat kelamin tahanan, pukulan pengawas penjara dengan pipa atau kain basah, bahkan menggunakan anjing sebagai metode penyiksaan. Namun Jurij Hultschuk tidak mau mengungkapkan nama orang yang menyiksanya. ""Bagi saya, apa yang dilakukannya hanyalah sebagian dari kejahatan yang dilakukan orang-orang kepada saya. Jika saya harus membalas dendam kepada orang-orang Rusia yang memperlakukan saya dengan sangat buruk, maka saya juga harus membalas dendam kepada orang-orang Ukraina yang memperlakukan saya dengan buruk,"" kata nya. Baginya ""lebih mudah untuk melupakan hal tersebut dan fokus akan masa depan."" Wlad Sadorin tidak sependapat dengan Jutij Hultschuk. ""Saya sangat membenci orang Rusia karena mereka telah membuat kami menderita dan menghina kami,"" katanya sembari menambahkan ""Berat badan saya 120 kilogram saat ditangkap, dan saat bebas berat saya 60 kilogram. Saya harus makan tikus, tisu toilet, dan sabun."" Wlad juga menceritakan kekerasan fisik yang parah, termasuk dipukul pada bagian kepala dengan botol. ""Dan saya harus mengasihi mereka, menganggap mereka sebagai saudara? Mereka datang untuk membunuh saya dan keluarga saya tanpa kami melakukan apa pun kepada mereka."" Sadorin mengatakan bahwa ia telah berhasil mengidentifikasi setiap penyiksanya. ""Semua yang terlibat dalam kejahatan perang ini akan dihukum cepat atau lambat. Seperti yang terjadi sebelumnya,"" katanya. Keduanya menerima kompensasi besar dari negara selama menjadi tawanan Rusia. Jurij menggunakan uang tersebut untuk membeli sebuah apartemen di Kyiv. Meski belum ada ketentuan untuk pensiun seumur hidup bagi mereka yang ditahan. Namun, mereka berhak atas pensiun disabilitas karena mengalami gangguan stres pasca-trauma (PTSD). Diagnosa PTSD ini secara praktis diberikan kepada siapa pun yang menjadi tawanan Rusia. ""Kini telah diputuskan, penahanan juga menjadi dasar untuk mengajukan pensiun disabilitas,"" kata Wlad Sadorin, yang berencana untuk memperoleh surat keterangan disabilitas. ""Disabilitas juga berdampak negatif seperti sulit untuk mendapatkan pekerjaan, tetapi bisa mendapatkan tunjangan. Saya belum memutuskan. Penting bagi saya untuk melihat diri saya bukan sebagai penyandang disabilitas dan penting mengatakan kepada diri sendiri, bahwa saya sehat."" tegasnya. Baik Jurij Hulchuk maupun Wlad Sadorin dapat memutuskan apakah akan kembali bertugas di militer atau tidak. Keduanya pun memilih untuk meninggalkan militer. Sejak keluar dari militer, Jurij bekerja paruh waktu sebagai guru bahasa Inggris. ""Saya ingin hidup tenang tahun ini, memulihkan diri secara fisik dan mental. Kemudian saya ingin pergi ke Jerman untuk belajar dan mencari pekerjaan di sana,"" jelasnya. Setelah berhenti bergabung dengan militer Ukraina, Wlad memilih berkarya di sektor informasi. Dia pun menetap di Odessa, dan bekerja untuk ""Break the Fake,"" sebuah organisasi yang memerangi disinformasi Rusia. Wlad muncul di media dan berbagai acara di Eropa, membagikan pengalamannya. Menurutnya, otoritas Rusia seringkali tidak mengklasifikasikan warga Ukraina yang ditangkap sebagai tawanan perang, terutama tentara Ukraina yang masuk ke dalam daftar hilang dalam tugas. Dengan tidak mengakui tentara Ukraina yang ditangkap sebagai tawanan perang, Rusia menghindari tanggung jawab hukum Internasional. Hal ini menyebabkan para tentara tersebut berada dalam situasi sangat berbahaya baik secara fisik maupun hukum. Keluarga mereka pun hidup dalam ketidakpastian. Wlad Sadorin menganggap angka-angka yang dipublikasikan oleh media mengenai tawanan Ukraina di Rusia terlalu minim. Ada lebih dari 250 tempat penahanan di Rusia. Dia sendiri pernah ditahan di tujuh tempat yang berbeda. ""Beberapa penjara punya kondisi yang normal, tawanan tidak sering dipukuli dan mungkin mendapat cukup makanan,"" jelasnya. Menurutnya inilah yang menentukan, apakah seorang tawanan akan kembali pulang sebagai orang normal atau tidak. Artikel ini pertama kali terbit dalam bahasa RusiaDiadaptasi oleh Sorta CarolineEditor: Hendra Pasuhuk Melihat Ladang Ranjau di Donetsk Ukraina Timur: [Gambas:Video 20detik] ",Deutsche Welle (DW),https://news.detik.com/dw/d-7990306/kisah-mereka-yang-jadi-tawanan-perang-rusia,2025/07/01 12:21:30
Horor Bocah Jatuh dari Bus hingga Diselamatkan di Tol JORR,,Kurniawan Fadilah,https://news.detik.com/berita/d-7991603/horor-bocah-jatuh-dari-bus-hingga-diselamatkan-di-tol-jorr,2025/07/02 08:02:50
"Uji Coba Satu Arah Jl H Usman Ciputat Pagi Ini, Begini Kondisi Lalinnya","Lalu lintas Jalan H Usman, Ciputat, Tangerang Selatan diuji coba satu arah pagi ini. Rekayasa satu arah dilakukan selama tiga jam. ""Uji coba dilakukan mulai Rabu, 2 Juli 2025. Pukul 05.00-08.00 WIB, kecuali hari libur,"" demikian ditulis Humas Pemkot Tangsel melalui akun Instagramnya, Rabu (2/7/2025). Dinas Perhubungan Tangsel menyediakan 2 titik lokasi parkir untuk pengunjung pasar di sekitar Jl H Usman yakni di Plaza Ciputat dan Gang Bancet. SCROLL TO CONTINUE WITH CONTENT Sementara itu, Kapolsek Ciputat Kompol Bambang Askar Sodiq mengatakan bahwa Unit Lantas Polsek Ciputat di bawah pimpinan Kanit Lantas AKP Sulistyo Winardi sudah berada di lokasi untuk melakukan pengamanan dan pengaturan lalu lintas. ""Personel dari Unit Lantas di lokasi melakukan pengaturan. Secara umum kondisi lalin lancar,"" kata Kompol Bambang. Di hari pertama uji coba ini,lalu lintas cukup lancar. Namun, masih banyak motor yang parkir yang menjadi hambatan. ""Hanya saja masih banyak parkiran motor sembarang di kanan kiri jalan yang perlu diimbau dan ditertibkan,"" jelasnya. Bambang berharap penerapan satu arah ini dapatmengurangi beban lalu lintasdi bawahflyoverCiputat. ""Kami dari Polsek Ciputat Timur mendukung penuh kebijakan Pemkot Tangsel dalam menciptakan kamseltibcarlantas,"" jelasnya. ",Mei Amelia R,https://news.detik.com/berita/d-7991632/uji-coba-satu-arah-jl-h-usman-ciputat-pagi-ini-begini-kondisi-lalinnya,2025/07/02 08:32:05
"Legislator Dorong Penunjukan Dubes RI untuk AS, Singgung Kebijakan Trump","Anggota Komisi I DPR RI Fraksi PDIP, TB Hasanuddin, meminta pemerintah segera melantikDuta Besar (Dubes) Indonesia untuk Amerika Serikatyang masih kosong. Hasanuddin menyebut kosongnya Dubes RI untuk AS berdampak terhambatnya komunikasi antarkedua negara. ""Nggak terlalu khawatir, cuma jadi kurang efektif dan efisien dalam hubungan antarnegara,"" kata TB Hasanuddin saat dihubungi, Rabu (2/7/2025). Dia menyinggung saat dilakukannya lobi terkait kenaikan tarif impor yang diterapkan Presiden AS Donald Trump beberapa waktu lalu. Dia menyebut kosongnya Dubes RI juga membuat perlindungan WNI di AS tidak maksimal. SCROLL TO CONTINUE WITH CONTENT ""Ya tidak efektif dan tidak efisien. Misalnya saja ketika berbicara soal kemarin Donald Trump meningkatkan itu biaya masuk (tarif impor), itu kan jadi tidak efektif. Kita hanyangirimutusan, sementara duta besarnya tidak ada. Artinya tidak ada perundingan-perundingan, ya kan rugi kita,"" kata dia. ""Lalu misalnya melakukan perlindungan kan tidak bisa dikendalikan langsung dari Jakarta saja oleh misalnya Direktur Perlindungan Warga Negara Indonesia di luar negeri. Kalau ada duta besarnya akan lebih efektif dan efisien,"" imbuhnya. Posisi Duta Besar RI untuk Amerika Serikat terakhir dijabat oleh Rosan Roeslani yang dilantik pada 25 Oktober 2021. Setelah lebih dari satu tahun menjabat, Rosan dipanggil kembali ke Jakarta dan dilantik sebagai Wakil Menteri BUMN pada 17 Juli 2023. Di penghujung masa pemerintahan Presiden Joko Widodo, Rosan kemudian diangkat sebagai Menteri Investasi. Jabatan tersebut kembali dipercayakan kepadanya di era pemerintahan Presiden Prabowo Subianto. Selain itu, Rosan juga telah ditunjuk sebagai CEO Danantara. Hasanuddin meminta Dubes RI untuk AS dan dubes lain yang masih kosong segera diisi. Hasanuddin menegaskan pengangkatan dubes hak prerogatif Presiden Prabowo Subianto. ""Sekarang ini mungkin agak terlambat karena eranya pergantian presiden ya mungkin presiden masih mencari yang cocok menurut versi beliau. Tapi ya kita serahkan kepada beliau saja yang punya hak prerogatif dalam penempatan duta besar-duta besarnya,"" jelasnya. Sebelumnya, Wakil Ketua Komisi I DPR Anton Sukartono Suratto mengungkapkan 12 kedutaan besar Republik Indonesia (KBRI) di luar negeri kosong tanpa duta besar atau dubes. Kursi kosong dubes itu berada di Amerika Serikat (AS), Jerman, hingga Korea Utara (Korut). ""Kita, data yang saya ada ada 12 KBRI kosong tanpa dubes, Amerika Serikat dari tahun 2023 karena dubesnya ditunjuk jadi Wamen BUMN, PBB New York dari 2024 dubesnya jadi wamenlu, dubes Jerman jadi wamenlu juga, PBB Jenewa dubesnya jadi Wamen PPN dan Bappenas,"" ujar Anton dalam rapat kerja dengan Menlu Sugiono di kompleks parlemen, Senayan, Jakarta, Senin (30/6). Anton juga menyoroti posisi dubes RI untuk Korut yang kosong sejak 2021 lantaran pandemi COVID-19. ""Korea Utara dari 2021 ditarik karena COVID-19 sampai sekarang tidak ada,"" katanya. Anton meminta jabatan dubes untuk negara-negara sahabat itu secepatnya diisi sosok yang tepat. Anton menyebut hal ini akan berkaitan dengan diplomasi RI di kancah internasional. Anton menyebut dubes RI untuk Meksiko hingga Jepang akan berakhir. Anton berharap Menlu Sugiono proaktif untuk menyampaikan ke Presiden Prabowo Subianto agar calon dubes bisa diuji DPR.",Wildan Noviansah,https://news.detik.com/berita/d-7991640/legislator-dorong-penunjukan-dubes-ri-untuk-as-singgung-kebijakan-trump,2025/07/02 08:42:03
Arab Saudi-Lebanon Gagalkan Penyelundupan 5 Juta Pil Amfetamin,,Novi Christiastuti,https://news.detik.com/internasional/d-7991055/arab-saudi-lebanon-gagalkan-penyelundupan-5-juta-pil-amfetamin,2025/07/01 17:56:25
Keluh Kesah Parpol Usai MK Putuskan Pemilu Dipisah,,Tim detikcom,https://news.detik.com/berita/d-7991587/keluh-kesah-parpol-usai-mk-putuskan-pemilu-dipisah,2025/07/02 07:30:07
"Ngeri Ledakan-Kebakaran di Pabrik Kimia India, 36 Orang Tewas","Ledakandahsyat dankebakaranterjadi di sebuah pabrik kimia di negara bagian Telangana,Indiaselatan. Sedikitnya 36 orang tewas dalam peristiwa itu, sementara puluhan orang lainnya luka-luka. Departemen pemadam kebakaran menemukan jasad hangus 34 pekerja dari lokasi kecelakaan di kawasan industri sekitar 50 kilometer (31 mil) dari ibu kota negara bagian Telengana, Hyderabad, kata direktur layanan pemadam kebakaran negara bagian G.V. Narayana Rao kepadaThe Associated Press, Selasa (1/7/2025). Dua pekerja lainnya meninggal karena luka bakar dan dinyatakan meninggal di rumah sakit, kata Rao. Dia menambahkan bahwa puing-puing unit farmasi Sigachi Industries yang hancur masih disingkirkan untuk mengetahui apakah ada pekerja lain yang terjebak. Hampir tiga lusin pekerja yang terluka dirawat di rumah sakit, katanya. SCROLL TO CONTINUE WITH CONTENT ""Seluruh struktur pabrik telah runtuh. Api telah dipadamkan dan kami berharap dapat menyelesaikan pemindahan puing-puing dalam beberapa jam ke depan,"" kata Rao. Kepala Menteri Negara Bagian Revanth Reddy mengunjungi lokasi tersebut pada hari Selasa (1/7). Sebuah video yang dirilis oleh kantornya memperlihatkan tumpukan logam bengkok di reruntuhan pabrik. Kantor Reddy mengatakan sebuah komite sedang menyelidiki penyebab ledakan tersebut. Bencana industri sering terjadi di India. Para ahli menyalahkan perencanaan yang buruk dan lemahnya penegakan aturan keselamatan atas bencana tersebut. ""Insiden tersebut sayangnya mengakibatkan hilangnya nyawa manusia,"" kata pemilik pabrik Sigachi Industries dalam sebuah pernyataan. Perusahaan tersebut memasok industri farmasi, makanan, kosmetik, dan kimia. Lihat Video 'Pabrik Kimia di India Kebakaran, 8 Orang Dilaporkan Tewas': [Gambas:Video 20detik] ",Rita Uli Hutapea,https://news.detik.com/internasional/d-7990472/ngeri-ledakan-kebakaran-di-pabrik-kimia-india-36-orang-tewas,2025/07/01 13:47:00
"Ngerinya Kebakaran Hutan di Turki, 50.000 Orang Dievakuasi",,Novi Christiastuti,https://news.detik.com/internasional/d-7990502/ngerinya-kebakaran-hutan-di-turki-50-000-orang-dievakuasi,2025/07/01 14:03:16
Erdogan Kecam Majalah Turki Muat Kartun Nabi Muhammad: Provokasi Keji!,"Majalah LeMan di Turki memancing kemarahan warga usai memuat kartun Nabi Muhammad.Presiden Turki Recep Tayyip Erdoganmengecam pembuatan kartun itu dan menyebutnya tindakan provokasi. ""Ini adalah provokasi yang jelas disamarkan sebagai humor, provokasi keji,"" kata Erdogan dilansirAFP, Selasa (1/7/2025). Erdogan mengatakan pembuatan kartun Nabi Muhammad oleh majalah LeMan juga bagian dari ujaran kebencian. Dia mendukung proses hukum kepada pihak yang terlibat pembuatan kartun tersebut. SCROLL TO CONTINUE WITH CONTENT ""Mereka yang bersikap kurang ajar terhadap nabi kami dan nabi-nabi lainnya akan dimintai pertanggungjawaban di hadapan hukum,"" jelas Erdogan. Erdogan juga mengatakan pihak berwenang telah menyita semua salinan terbitan yang menyinggung tersebut dan mengambil tindakan hukum terhadap penerbitan tersebut. Saat ini empat staf majalah LeMan juga telah ditangkap. Seorang kartunis yang bekerja untuk majalah satir LeMan ditahan oleh polisiTurkiuntuk diperiksa pada hari Senin (30/06) setelah menuai kontroversi akibat karikatur yang menggambarkan Nabi Muhammad. Dalam pernyataan, kantor jaksa agung Turki mengatakan telah membuka penyelidikan atas karikatur yang diterbitkan oleh majalah tersebut pada 26 Juni lalu, yang dinilai ""secara terang-terangan merendahkan nilai-nilai keagamaan."" ""Surat perintah penangkapan telah diterbitkan untuk mereka yang terlibat,"" kata kantor kejaksaan. Surat perintah penangkapan itu juga mencakup editor-in-chief dan manajer redaksi Leman. Menteri Kehakiman Turki, Yilmaz Tunc, sebelumnya mengatakan bahwa kartun yang menggambarkan Nabi Muhammad merupakan penghinaan terhadap sensitivitas agama dan harmoni sosial. ambar kartun yang dimaksud dan diunggah di media sosial, tampak seperti menunjukkan Nabi Muhammad dan Nabi Musa berjabat tangan di udara sementara misil jatuh ke sebuah kota. ""Tidak ada kebebasan yang membenarkan penghinaan terhadap nilai-nilai suci suatu agama dengan cara yang keji,"" tulis Menteri Kehakiman Tunc. Menteri Dalam Negeri Turki, Ali Yerlikaya, mengonfirmasi bahwa kartunis tersebut telah ditahan, dan membagikan video yang menunjukkan dia diborgol di sebuah lorong tangga. Majalah LeMan juga telah mengeluarkan permohonan maaf di media sosial atas segala kesalahpahaman yang ditimbulkan dan mengatakan kartun tersebut telah disalahartikan. Menurut pernyataan mereka, kartunis majalah tersebut sebenarnya ingin menyoroti ""penderitaan seorang pria muslim yang tewas akibat serangan Israel,"" bukan untuk menghina Islam. ""Nama Muhammad termasuk nama yang paling banyak digunakan di dunia oleh umat muslim untuk menghormati Nabi. Kartun tersebut tidak menggambarkan Nabi Muhammad dan tidak dibuat untuk mengejek nilai-nilai agama,"" kata majalah itu, seraya menyebut beberapa penafsiran ""sengaja mengandung maksud jahat."" Tonton juga Video: Kritik Menggelitik Lewat Kartun [Gambas:Video 20detik] ",Yogi Ernes,https://news.detik.com/internasional/d-7991450/erdogan-kecam-majalah-turki-muat-kartun-nabi-muhammad-provokasi-keji,2025/07/01 22:25:47
Tegang! PM Thailand Paetongtarn Shinawatra Diskors dari Jabatannya,,Novi Christiastuti,https://news.detik.com/internasional/d-7990563/tegang-pm-thailand-paetongtarn-shinawatra-diskors-dari-jabatannya,2025/07/01 14:24:46
Semarak Bendera Merah Putih Sambut Kedatangan Prabowo di Jeddah,"Presiden RI Prabowo Subiantotelah tiba di Jeddah, Arab Saudi untuk melakukan kunjungan kenegaraan. Semarak bendera Merah Putih dipasang bersandingan dengan bendera Kerajaan Arab Saudi di sepanjang jalanan Jeddah menyambut kedatangan Prabowo. Pantauandetikcom, Selasa (1/7/2025), Bendera Merah Putih dan Arab Saudi sudah terlihat dari Bandara Bandar Udara Internasional King Abdulaziz. Bendera kedua negara dipasang selang-seling. Bendera-bendera tersebut juga terpasang rapi di sepanjang rute utama yang dilalui rombongan Prabowo, mulai dari jalan utama King Abdul Aziz Road, lalu melewati jalan Al Madinah Al Munawwarah Road, hingga masuk ke kawasan elite di Tahlia Street, hingga hotel tempat presiden bermalam. SCROLL TO CONTINUE WITH CONTENT Tiba di hotel, Prabowo disambut sejumlah anak SD hingga diaspora. Prabowo pun sempat menyapa dan menyalami para siswa tersebut. Ada juga momen Prabowo mengabadikan foto bersama mereka. Prabowo mendarat di Royal Terminal, Bandar Udara Internasional King Abdulaziz,Jeddah, pada Selasa (1/7) pukul 21.12 waktu setempat. Setibanya di bandara, Prabowo disambut secara resmi oleh delegasi Kerajaan Arab Saudi dalam sebuah upacara kehormatan. Tampak diantaranya adalah Menteri Majid bin Abdullah Al-Qasabi, Wakil Gubernur Mekkah Pangeran Suud bin Mis'al bin Abdul Aziz Al-Saud, dan Wali Kota Jeddah Saleh Ali Al-Turki. Prabowo juga disambut dan melewati pasukan jajar kehormatan. Saat melewati pasukan, 21 dentuman meriam salvo turut mengiringi kedatangan Prabowo. Selain itu, tampak menyambut dari pihak Indonesia yakni Duta Besar RI untuk Kerajaan Arab Saudi Abdul Aziz serta Atase Pertahanan KBRI Riyadh Brigadir Jenderal Eri Nasuhi. Prabowo dijadwalkan bertemu dengan Putra Mahkota sekaligus Perdana Menteri Arab Saudi, Mohammed bin Salman Al Saud di Istana Al-Salam, Jeddah. Pertemuan itu akan membahas seputar penyelenggaraan haji hingga rencana pembangunan kampung haji jemaah RI di Arab Saudi. ",Eva Safitri,https://news.detik.com/berita/d-7991536/semarak-bendera-merah-putih-sambut-kedatangan-prabowo-di-jeddah,2025/07/02 05:46:15
"Serangan di Kafe Tepi Pantai Gaza Tewaskan 24 Orang, Ini Kata Israel",,Novi Christiastuti,https://news.detik.com/internasional/d-7991005/serangan-di-kafe-tepi-pantai-gaza-tewaskan-24-orang-ini-kata-israel,2025/07/01 17:17:26
"Polresta Bogor Ringkus 7 Pemuda Hendak Tawuran, Celurit hingga Golok Diamankan","Polresta Bogor Kota Polda Jawa Barat kembali menggagalkan aksitawuranyang meresahkan masyarakat. Sebanyak 7 orang pemuda yang membawa senjata tajam (sajam) diamankan. ""Alhamdulillah tim Raimas Presisi Sat Samapta Polresta Bogor Kota berhasil mengamankan pemuda beserta sajam yang diduga akan digunakan untuk aksi tawuran,"" kata Kombes Eko kepada wartawan, Rabu (2/7/2025). Kombes Eko menerangkan, para pemuda yang hendak tawuran ini diamankan di wilayah Kelurahan Baranangsiang, Bogor Timur, pagi tadi sekitar pukul 04.00 WIB. 7 orang yang diamankan masing-masing berinisial MFA, NU, AA alias M, MH, IN alias I, MH, serta MRS. SCROLL TO CONTINUE WITH CONTENT Barang bukti yang diamankan yakni 6 buah celurit yang 4 di antaranya berukuran panjang, 6 buah golok, 1 buah stik golf, hingga 1 buah double stick. ""Hasil pemeriksaan awal ketujuh pelaku merupakan bagian dari kelompok yang menamakan diri Cibadak Neverdie yang bersiap mendukung kelompok Salak Pride yang diketahui akan terlibat bentrokan dengan kelompok Northprize,"" ujar Kombes Eko. ""Tim saat ini masih terus melakukan pemeriksaan dan melakukan pengembangan,"" sambungnya. Kombes Eko menegaskan, pihaknya akan terus meningkatkan patroli demi menjaga harkamtibmas di wilayah Kota Bogor tetap kondusif. Dia juga mengingatkan agar para remaja menghindari aksi tawuran karena akan ditindak tegas. ""Kami akan terus meningkatkan patroli preventif di wilayah-wilayah rawan bentrokan antar kelompok remaja,"" tegas Kombes Eko.",Herianto Batubara,https://news.detik.com/berita/d-7991709/polresta-bogor-ringkus-7-pemuda-hendak-tawuran-celurit-hingga-golok-diamankan,2025/07/02 09:21:24
"Ruang Farmasi di RS Hermina Jatinegara Terbakar, Puluhan Pasien Dievakuasi","Rumah Sakit (Hermina) Jatinegara, Jakarta Timur, dilandakebakaranpagi ini. Titik api diduga berasal dari ruang farmasi di rumah sakit. ""Yang terbakar informasi dari tim personel kami yang masuk ke dalam gedung dugaannya dari ruang farmasi,"" kata Perwira Piket Suku Dinas Penanggulangan Kebakaran dan Penyelamatan (Gulkarmat) Jakarta Timur Sukur Sarwono dilansirAntara, Rabu (2/7/2025). Kebakaran terjadi sekitar pukul 05.00 WIB. Puluhan pasien di rumah sakit tersebut langsung dievakuasi ke luar ruangan. SCROLL TO CONTINUE WITH CONTENT Sukur mengatakan api bisa dipadamkan 30 menit kemudian. Namun, asap masih menyelimuti gedung RS Hermina, khususnya beberapa lantai di gedung rawat jalan. Puluhan pasien yang masih dirawat, baik menggunakan kursi roda maupun tempat tidur langsung dievakuasi ke luar gedung. Beberapa pasien juga langsung dievakuasi ke unit gawat darurat untuk memastikan keadaan pasien baik dan mendapatkan pertolongan. ""Begitu dapat laporan langsung kami ke rumah sakit dan sudah tinggal pendinginan, musuh kita adalah asap. Kalau pasien langsung evakuasi semua, tapi masih ada satu bapak-bapak tadi yang terakhir dievakuasi,"" katanya. Sukur mengatakan untuk saat ini tidak ada korban jiwa akibat kebakaran yang terjadi pagi ini. Sudin Gulkarmat Jakarta Timur akan menyelidiki dugaan munculnya api dan penyebab kebakaran di RS Hermina di Kampung Melayu tersebut. Tonton juga ""Kapal Tanker Terbakar di Batam, 4 Orang Tewas"" di sini: [Gambas:Video 20detik] Saksikan Live DetikPagi:",Antara,https://news.detik.com/berita/d-7991593/ruang-farmasi-di-rs-hermina-jatinegara-terbakar-puluhan-pasien-dievakuasi,2025/07/02 07:43:55
"Trump Resmi Cabut Sanksi Suriah, Israel Isyaratkan Normalisasi","Sebagian besar sanksi terhadap Suriah sejatinya sudah dicabut Presiden Amerika Serikat Donald Trump sejak Mei silam, menyusul lobi dari Arab Saudi dan Turki. Suriah berganti rejim pada 8 Desember 2024 lalu, setelah mantan gerilyawan Islamis Ahmed al-Sharaa berhasil mengakhiri kekuasaan dinasti Assad yang telah berlangsung selama setengah abad. Melalui sebuah perintah eksekutif, Trump pada Senin (30/6) mengakhiri status ""darurat nasional"" yang telah diberlakukan sejak 2004. Perintah bernomor 13338 itu, selama ini menjadi dasar sanksi terhadap Suriah dan mempengaruhi sebagian besar institusi negara, termasuk bank sentral. ""Tindakan ini mencerminkan visi presiden dalam membina hubungan baru antara Amerika Serikat dan Suriah yang stabil, bersatu, serta hidup damai dengan diri sendiri dan tetangganya,"" ujar Menteri Luar Negeri Marco Rubio dalam sebuah pernyataan pers. SCROLL TO CONTINUE WITH CONTENT Rubio mengatakan dia akan memulai proses panjang untuk meninjau apakah Suriah masih layak menyandang status sebagai negara sponsor terorisme. Status ini diberlakukan sejak 1979 dan selama ini menghambat investasi asing. Dia juga menyatakan akan mempertimbangkan untuk mencabut klasifikasi teroris terhadap Sharaa dan gerakannya, Hayat Tahrir al-Sham (HTS), yang dulunya berafiliasi dengan Al-Qaeda. Pemerintah AS sendiri telah lebih dulu mencabut imbalan atas kepala Sharaa setelah dia naik ke tampuk kekuasaan. Pejabat Departemen Keuangan AS yang menangani urusan sanksi, Brad Smith, mengatakan langkah ini akan ""mengakhiri isolasi Suriah dari sistem keuangan internasional."" Suriah baru-baru ini melakukan transfer elektronik pertamanya melalui sistem perbankan internasional sejak negara itu terperosok dalam perang saudara pada 2011. Meski demikian, perintah Trump masih mempertahankan sanksi terhadap unsur-unsur pemerintahan lama, termasuk mantan Presiden Bashar al-Assad yang melarikan diri ke Rusia akhir tahun lalu. Menteri Luar Negeri Suriah Assaad al-Shibani menyambut baik langkah AS ini dan menyebutnya sebagai ""titik balik besar."" ""Dengan dihapusnya hambatan utama terhadap pemulihan ekonomi ini, pintu-pintu yang telah lama dinanti untuk rekonstruksi dan pembangunan kini terbuka,"" tulisnya di platform X, seraya menyebut bahwa kondisi kini memungkinkan bagi ""kembalinya para pengungsi Suriah dengan penuh martabat ke tanah air mereka."" Sementara itu, Israel terus melancarkan serangan terhadap situs-situs militer di negara yang telah lama menjadi musuh bebuyutannya itu. Israel sempat menyuarakan keraguan atas arah politik Suriah di bawah al-Sharaa, yang kini telah menanggalkan jubah demi setelan jas. Namun, pada Senin pagi, Israel mengisyaratkan ketertarikan untuk menormalisasi hubungan dengan Suriah serta Lebanon, sebagai bagian dari perluasan Abraham Accords. Kesepakatan semacam itu dipercaya akan dapat mengubah peta politik Timur Tengah secara drastis. Pengaruh kuat Iran di Suriah dan Lebanon, yang sebelumnya dominan, dilaporkan telah melemah secara signifikan akibat tekanan serangan militer Israel sejak serangan Hamas pada 7 Oktober 2023. Pejabat pemerintahan Trump, bahwa pencabutan sanksi terhadap Suriah akan mendorong integrasi regional dan memberi insentif bagi Damaskus untuk membuka diri terhadap Israel. Serangan intensif Israel terhadap Iran pada Juni disebut menciptakan sebuah ""jendela peluang yang belum pernah ada sebelumnya,"" kata Tom Barrack, Duta Besar AS untuk Turki yang juga menjabat sebagai utusan khusus Trump untuk Suriah. ""Ini adalah peluang yang belum pernah kita lihat sebelumnya, dan presiden telah menyusun tim yang mampu mewujudkannya,"" ujar Barrack kepada wartawan. Namun, di balik gambaran positif tentang pemimpin baru Suriah, negara itu masih dilanda serangkaian serangan terhadap kelompok minoritas sejak kejatuhan Assad, sosok pemimpin sekuler dari minoritas Alawiyah. Sedikitnya 25 orang tewas dan puluhan lainnya luka-luka dalam serangan yang diduga dilakukan kelompok Islamis terhadap gereja Ortodoks Yunani di Damaskus pada 22 Juni lalu. Sebelum pengumuman mengejutkan dari Trump terkait pencabutan sanksiâyang disampaikan saat kunjungan ke Arab SaudiâAmerika Serikat sempat bersikeras agar ada kemajuan terlebih dahulu dalam isu-isu penting, termasuk perlindungan terhadap kelompok minoritas.rzn/as (AFP,AP) Simak juga Video: AS-Israel Dinilai Tak Satu Tujuan soal Iran [Gambas:Video 20detik] ",Deutsche Welle (DW),https://news.detik.com/dw/d-7990829/trump-resmi-cabut-sanksi-suriah-israel-isyaratkan-normalisasi,2025/07/01 16:01:37
"Geger Bentrokan di Istanbul, Pemicunya Kartun Nabi Muhammad",,Novi Christiastuti,https://news.detik.com/internasional/d-7990240/geger-bentrokan-di-istanbul-pemicunya-kartun-nabi-muhammad,2025/07/01 11:57:35
Antusiasme Siswa hingga Diaspora Indonesia Sambut Prabowo di Jeddah,"Presiden Prabowo Subiantotiba di Jeddah, Arab Saudi, untuk memulai rangkaian kunjungan kenegaraan. Setibanya di hotel tempatnya menginap, Prabowo disambut meriah oleh pelajar Sekolah Indonesia Jeddah yang mengenakan pakaian adat dan seragam sekolah, serta mengibarkan bendera Indonesia dan Arab Saudi. Dua siswa Sekolah Indonesia Jeddah menyerahkan bunga tangan kepada Prabowo setibanya di hotel penginapan di Jeddah, Selasa (1/7/2025) waktu setempat. Prabowo kemudian menyapa para pelajar satu per satu yang berbaris di sisi kanan dan kiri pintu utama hotel serta foto bersama dengan para siswa. Turut hadir di lobi hotel menyambut kedatangan Prabowo, antara lain Konsul Jenderal RI Jeddah Yusron B. Ambary, Deputy Chief of Mission (DCM) KBRI Riyadh Sugiri Suparwan, serta sejumlah perwakilan siswa-siswi Sekolah Indonesia Jeddah. SCROLL TO CONTINUE WITH CONTENT Usai penyambutan di lobi, Prabowo menuju ke area dalam hotel. Di sepanjang koridor hingga menuju lift, barisan masyarakat Indonesia berdiri menyambut dengan penuh antusiasme. Terlihat Menteri Koordinator Bidang Pangan Zulkifli Hasan, Menteri Agama Nasaruddin Umar, Menteri Investasi dan Hilirisasi Rosan Perkasa Roeslani, Kepala Badan Pengelola Haji (BPH) M. Irfan Yusuf, perwakilan diaspora Indonesia, serta tokoh masyarakat Indonesia di Arab Saudi. Prabowo menyambut dengan hangat seluruh pihak yang hadir. Prabowo juga menyalami satu per satu dan menunjukkan apresiasi atas sambutan yang diberikan. Diketahui, Prabowo dijadwalkan memulai rangkaian agenda resmi pada hari berikutnya, termasuk sambutan kenegaraan di Istana Al-Salam, serta pertemuan dengan Putra Mahkota/Perdana Menteri Arab Saudi Pangeran Mohammed bin Salman Al Saud.",Eva Safitri,https://news.detik.com/berita/d-7991615/antusiasme-siswa-hingga-diaspora-indonesia-sambut-prabowo-di-jeddah,2025/07/02 08:11:12
1.000 Warga Palestina di Tepi Barat Dibunuh Israel Sejak 2023,"Militer Israel meningkatkan aksi kekerasan terhadap wargaPalestinadi Tepi Barat sejak 7 Oktober 2023. Aksi kekerasan ini menewaskan 1.000 warga Palestina. DilansirAljazeera, Selasa (1/7/2025), ketika dunia teralihkan oleh genosida yang dilakukan pasukan Israel di Gaza, yang telah menewaskan lebih dari 56.331 orang dan mengusir hampir seluruh populasi yang berjumlah 2,3 juta orang, Israel juga meningkatkan serangannya di Tepi Barat. Tak hanya melalui militer, pemukim Israel juga menyerang dan membunuh penduduk desa Palestina. Korban terbaru adalah Samer Bassam al-Zagharneh, seorang pemuda Palestina yang ditembak oleh tentara Israel pada 1 Juli. Menurut kantor berita Palestina Wafa, al-Zagharneh terbunuh di dekat tembok pemisah, yang mulai dibangun Israel pada tahun 2002 untuk memisahkan Yerusalem dari wilayah Tepi Barat lainnya. SCROLL TO CONTINUE WITH CONTENT Warga Palestina diserang oleh pasukan militer Israel dan pemukim Israel di Tepi Barat. Pemukim Israel melancarkan serangan mendadak secara brutal ke kota-kota, membakar properti, menyerang orang, dan mencoba mengusir mereka dari rumah mereka. Pada saat yang sama, pasukan keamanan Israel mengepung kamp-kamp pengungsi dan menyerbunya tanpa henti, mengusir warga Palestina dari rumah mereka dan tidak mengizinkan mereka untuk kembali. Banyak pemukim juga telah diberi senjata semi-otomatis dan 'diintegrasikan' ke dalam pasukan Israel di Tepi Barat. Hal ini seiring sebagian besar pasukan militer Israel dikerahkan untuk bertempur di Gaza. Tentu inilah yang mengaburkan batasan antara pasukan keamanan dan pemukim. Militer Israel sengaja memberdayakan pemukim Israel untuk meningkatkan kekerasan terhadap warga Palestina. Lihat juga Video: Jeritan Warga Gaza: Mau Ambil Bantuan tapi Ditembaki Pasukan Israel [Gambas:Video 20detik] ",Isal Mawardi,https://news.detik.com/internasional/d-7991474/1-000-warga-palestina-di-tepi-barat-dibunuh-israel-sejak-2023,2025/07/01 23:07:54
"Ditangkap Jatanras Polda Metro, Ini Tampang Pria Ngaku 'Ring Satu' di Depok","Subdit JatanrasPolda Metro Jayamenangkap pria yang mengaku-aku orang 'ring satu' dan memamerkan pistol di pinggang di kawasan Pancoran Mas,Depok. Ini tampang pelaku. ""Pria dalam video yang viral membawa senjata di Depok sudah kami amankan,"" ujar Kasubdit Jatanras Polda Metro Jaya, AKBP Abdul Rahim, kepada wartawan, Rabu (2/7/2025). Pelaku ditangkap Senin (30/6) pukul 21.45 WIB di perumahan kawasan Sawangan, Depok. Pelaku saat ini diperiksa secara intensif. Barang bukti senjata api (senpi) milik pelaku diamankan. SCROLL TO CONTINUE WITH CONTENT ""Saat ini masih dalam pemeriksaan intensif,"" katanya.Sebelumnya, Kasi Humas Polres Metro Depok AKP Made Budi mengatakan pelaku merupakan pengusaha rumah potong hewan (RPH). Awalnya, pelaku dan korban yang merupakan penghuni di RPH tersebut terlibat cekcok. ""Ya jadi memang ada keributan, ada cekcok mulut antara terlapor dengan korban. Korban merupakan salah satu penghuni ataupun yang tinggal di RPH tersebut,"" ucap Made. Pelaku kemudian mengeluarkan kata-kata dengan mengaku sebagai 'ring satu Istana' sembari memperlihatkan pistol di pingganya. Hal itu membuat korban takut. Aksi pelaku sempat viral di media sosial. Dalam video yang beredar, seperti dilihat detikcom, Senin (30/6), terlihat pria tersebut mengenakan baju berkelir abu-abu dan celana jeans. Dia terlibat perdebatan dengan beberapa warga terkait sengketa lahan. Ketika berdebat, pelaku sempat mengaku sebagai 'orang ring satu' di Istana. Pelaku bahkan terlihat menunjukkan benda mirip pistol dari balik bajunya. ""Kalau kewenangan, saya kan hanya pembantu ya, menang saya juga orang pemerintah, saya ring satunya istana sebenarnya, ini buktinya saya punya begini,"" kata pelaku dalam video sambil menunjukkan 'pistol' di pinggangnya. ""Mau nembak gua? Tembak gua,"" sahut warga. Saksikan Live DetikPagi:",Indra Komara,https://news.detik.com/berita/d-7991626/ditangkap-jatanras-polda-metro-ini-tampang-pria-ngaku-ring-satu-di-depok,2025/07/02 08:29:54
"Diskors dari Jabatannya, PM Thailand Paetongtarn Shinawatra Bilang Gini",,Novi Christiastuti,https://news.detik.com/internasional/d-7990652/diskors-dari-jabatannya-pm-thailand-paetongtarn-shinawatra-bilang-gini,2025/07/01 14:52:37
"Guru Ngaji di Jaksel Cabuli 10 Santri, Polisi Gali Kemungkinan Korban Lain","Polisi masih mendalami kasus seorang guru mengaji diTebet, Jakarta Selatan (Jaksel) berinisial AF yang diduga mencabuli 10 orang santri. Polisi menggali kemungkinan adanya korban lain dari guru ngaji cabul tersebut. ""Terakhir kami mendapatkan data itu korban kurang lebih sejumlah 10, tapi tidak kemungkinan akan adanya korban lainnya, kita juga bisa melakukan pendalaman,"" kata Kanit PPA Polres Metro Jakarta Selatan AKP Citra Ayu kepada wartawan, Rabu (2/7/2025). Citra meminta pihak yang merasa menjadi korban untuk melapor. Dia menjamin polisi akan menjaga kerahasiaan korban. SCROLL TO CONTINUE WITH CONTENT ""Kami harap tidak takut apabila memang pernah mengalami hal tersebut juga, silakan dilaporkan ke unit PPA Polres Jakarta Selatan. Nanti intinya kita tidak akan membuka identitas korban ataupun keluarga,"" ujarnya. Lebih lanjut, para korban juga sudah divisum. Pihak kepolisian bersama stakeholder terkait memberikan pendampingan psikologis terhadap korban. ""Kita juga melakukan pendalaman dan pendampingan terhadap psikologisnya,"" imbuhnya. Modus Ajarkan soal Hadas Sebelumnya, seorang guru ngaji di Tebet, Jakarta Selatan, ditangkap polisi setelah diduga mencabuli 10 santri. Modusnya adalah dengan berpura-pura mengajarkan korban tentang hadas. ""(Modus) Memberikan pelajaran tambahan tentang hadas laki-laki dan perempuan,"" kata Kasat Reskrim Polres Metro Jaksel AKBP Ardian Satrio Utomo, dalam keterangannya, Senin (30/6). Ardian menyebut pelaku kerap mengiming-imingi korban dengan uang tunai serta melakukan intimidasi. Korban diiming-imingi pelaku uang Rp 10 ribu hingga Rp 25 ribu. ""(Pelaku) Melakukan intimidasi terhadap anak korban dan memberikan uang sebanyak Rp 10 ribu sampai Rp 25 ribu,"" ujarnya. [Gambas:Video 20detik] ",Wildan Noviansah,https://news.detik.com/berita/d-7991596/guru-ngaji-di-jaksel-cabuli-10-santri-polisi-gali-kemungkinan-korban-lain,2025/07/02 07:50:17
"Dunia Hari Ini: Gelombang Panas Terjang Eropa Barat, Catat Rekor Terpanas","Selamat menyambut hari pertama di bulan ketujuh tahun ini! Kami merangkum sejumlah berita dari berbagai negara, supaya Anda mudah mengikuti perkembangan Dunia Hari Ini. Edisi Selasa, 1 Juli 2025, dibuka dengan informasi dari Eropa. SCROLL TO CONTINUE WITH CONTENT Suhu di beberapa negara di Eropa melonjak naik, memicu kebakaran hutan, penutupan sekolah, hingga mencetak rekor suhu terpanas. Dari Inggris hingga Jerman, pihak berwenang bergulat dengan gelombang panas, yang bisa mencapai 5 hingga 10 derajat Celsius lebih panas dari biasanya. Kebakaran hutan di Turki memaksa lebih dari 50.000 orang dievakuasi dari lima wilayah di provinsi barat Izmir. ""Satu-satunya cara kita akan mengurangi pemanasan planet kita di masa mendatang â¦ adalah mengurangi emisi gas rumah kaca yang cepat dan mencapai emisi nol secepat mungkin"", kata Samantha Burgess dari lembaga Uni Eropa. Sebuah kafe di tepi pantai dan empat sekolah menjadi target serangan Israel, saat mereka mengatakan ingin mengintensifkan serangannya terbarunya melawan Hamas di Gaza. 58 orang tewas hari Senin kemarin, sebagian besar dari 13 orang terkena tembakan. Tetapi penduduk juga melaporkan ada serangan udara, yang menewaskan 20 orang, termasuk perempuan, anak-anak, dan seorang jurnalis, yang sudah dikonfirmasi petugas medis. Militer Israel mengatakan mereka menyerang target militan di Gaza utara, termasuk pusat komando dan kendali, setelah mengambil langkah-langkah untuk mengurangi risiko melukai warga sipil. Iran mengatakan jumlah korban tewas resmi akibat perang 12 hari dengan Israel menjadi 935 orang tewas, termasuk 38 anak-anak dan 132 perempuan, berdasarkan data forensik terbaru. Sementara itu juru bicara Kementerian Luar Negeri Esmaeil Baghaei mengatakan Iran belum bisa menjamin keselamatan para inspektur nuklir dari lembaga atom internasional atau IAEA. ""Bagaimana mereka mengharapkan kita memastikan keselamatan dan keamanan para inspektur lembaga, saat fasilitas nuklir damai Iran diserang?"" katanya. Akhir pekan lalu, sebuah surat kabar garis keras Iran mengatakan bos Badan Tenaga Atom Internasional (IAEA) Rafael Grossi harus diadili dan dieksekusi sebagai agen Israel. Menteri Luar Negeri Abbas Araqchi mengatakan Rafael tidak diterima di Iran, karena telah melakukan ""tindakan jahat"" dan ""kelakuannya tidak dapat kami terima."" Pemerintahan Donald Trump mencabut visa duo rap Inggris Bob Vylan setelah mereka menyerukan kematian bagi militer Israel saat tampil di festival musik Glastonbury. Perdana Menteri Inggris Keir Starmer termasuk di antara mereka yang mengecam penampilan Bobby Vylan saat mengajak penonton untuk meneriakkan ""death, death to IDF"", merujuk pada pasukan militer Israel, akhir pekan kemarin. Senin kemarin, lembaga penyiaran publik di Inggris, yang menyiarkan festival musik tersebut, mengeluarkan permohonan maaf karena membiarkan siaran langsung dengan muatan ""sentimen antisemit"" yang ""sama sekali tidak dapat diterima"". ""Tim [kami] sedang menghadapi siaran langsung tapi â¦ kami seharusnya menghentikan siaran langsung tersebut,"" kata BBC dalam sebuah pernyataan Lihat juga Video 'Gelombang Panas Terjang China, Para Lansia Berlindung di Bunker': [Gambas:Video 20detik] ",ABC Australia,https://news.detik.com/abc-australia/d-7990582/dunia-hari-ini-gelombang-panas-terjang-eropa-barat-catat-rekor-terpanas,2025/07/01 14:31:47
"Api Padam, Damkar Masih Hilangkan Asap di RS Hermina Jatinegara","Ruang Farmasi di Rumah Sakit (RS) Hermina Jatinegara, Jakarta Timur,terbakardiduga akibat panel listrik ruang farmasi meledak. Api sudah padam dan petugas pemadam kebakaran (Damkar) sedang melakukan proses pendinginan. ""Kami terima kabar pukul 05.02 WIB, terus tiba di lokasi sekitar pukul 05.08 WIB. Awal pemadaman kami lakukan pukul 05.10 WIB,"" ujar Kepala Seksi Operasi (Kasi Ops) Suku Dinas Penanggulangan Kebakaran dan Penyelamatan (Gulkarmat) Jakarta Timur Abdul Wahid dilansirAntara, Rabu (2/7/2025). Abdul menyebutkan, api berhasil dilokalisir sekitar pukul 05.11 WIB dan pendinginan dimulai pukul 05.12 WIB, hingga saat ini petugas Gulkarmat Jaktim masih melakukan pendinginan untuk menghilangkan asap yang masih mengepung beberapa ruangan di rumah sakit tersebut. SCROLL TO CONTINUE WITH CONTENT Meskipun api sudah dapat dipadamkan kurang lebih setengah jam kemudian, namun asap masih menyelimuti gedung RS Hermina, khususnya beberapa lantai di gedung rawat jalan. Sebanyak 50 personel Gulkarmat diterjunkan untuk memadamkan api. Tak ada korban jiwa akibat kebakaran tersebut. Sebanyak 75 jiwa berhasil diselamatkan, termasuk puluhan pasien yang masih dirawat, baik menggunakan kursi roda ataupun tempat tidur langsung dievakuasi ke luar gedung. Beberapa pasien juga langsung dievakuasi ke unit gawat darurat (UGD) untuk memastikan keadaan pasien baik dan mendapatkan pertolongan.",Antara,https://news.detik.com/berita/d-7991627/api-padam-damkar-masih-hilangkan-asap-di-rs-hermina-jatinegara,2025/07/02 08:29:56
"Diduga Jadi Mata-mata, 2 WN China Ditangkap FBI di AS","FBImenangkap dua warga negara China di Amerika Serikat. Kedua warga tersebut ditangkap atas dugaan melakukan spionase di negeri Paman Sam. ""Dua warga negara Tiongkok telah ditangkap karena melakukan spionase dan diduga berusaha merekrut anggota Angkatan Laut AS untuk bertugas sebagai aset intelijen,"" kata Departemen Kehakiman AS dilansirAFP, Rabu (2/7/2025). Kedua warga negara China itu masing-masing bernama Yance Chen (38) dan Liren Lai (39). Keduanya menghadapi dakwaan dengan ancaman 10 tahun penjara. SCROLL TO CONTINUE WITH CONTENT ""Yuance Chen, 38, dan Liren Lai, 39, menghadapi dakwaan bertindak sebagai agen pemerintah Tiongkok dan hukuman maksimal 10 tahun penjara jika terbukti bersalah,"" kata departemen tersebut. Chen dan Lai tiba di Amerika Serikat pada April 2025 dengan visa turis. Keduanya ditangkap oleh petugas FBI pada Jumat (27/6). Menurut pengaduan pidana, Chen dan Lai melakukan sejumlah kegiatan intelijen di Amerika Serikat atas nama Kementerian Keamanan Negara Tiongkok. Kegiatan tersebut termasuk membayar tunai untuk informasi keamanan nasional dan berusaha merekrut anggota Angkatan Laut AS sebagai aset potensial Kementerian Keamanan Negara. ""Kasus ini menggarisbawahi upaya berkelanjutan dan agresif pemerintah Tiongkok untuk menyusup ke militer kita dan merusak keamanan nasional kita dari dalam,"" kata Jaksa Agung Pamela Bondi dalam sebuah pernyataan. Menurut pengaduan pidana, Lai merekrut Chen, seorang penduduk tetap sahAmerika Serikat, untuk bekerja di Kementerian Keamanan Negara pada tahun 2021.",Yogi Ernes,https://news.detik.com/internasional/d-7991528/diduga-jadi-mata-mata-2-wn-china-ditangkap-fbi-di-as,2025/07/02 04:57:01
Pesan 'Lanjutkan' dari Prabowo di Perayaan Hari Bhayangkara,,Tim detikcom,https://news.detik.com/berita/d-7991695/pesan-lanjutkan-dari-prabowo-di-perayaan-hari-bhayangkara,2025/07/02 09:11:13
Hilang Jabatan Wakil Ketua DPRD Banten Buntut Memo Titip Siswa SPMB,,Tim detikcom,https://news.detik.com/berita/d-7991544/hilang-jabatan-wakil-ketua-dprd-banten-buntut-memo-titip-siswa-spmb,2025/07/02 06:19:29
Menlu Jerman Ingin Lebih Banyak Industri Patungan Bikin Senjata di Ukraina,"Menteri Luar Negeri Jerman Johann Wadephul baru saja tiba di Kyiv, dan langsung merilis pernyataan lewat kantor pers kementerian luar negeri, yang berisi satu kalimat yang mungkin membuat orang yang mendengar terperangah: ""Kebebasan dan masa depan Ukraina adalah tugas paling utama dari kebijakan luar dan keamanan kami."" Wadephul menegaskan lebih jauh: ""Warga Ukraina bukan hanya mempertahankan kebebasan dan kedaulatan tanah air mereka, melainkan juga menjaga keamanan dan kebebasan Eropa dari agresi Putin. Oleh karena itu, kami akan tetap sepenuhnya memusatkan perhatian kami untuk mendukung Ukraina."" Namun dipertanyakan, apakah memang benar Ukraina jadi pusat perhatian Jerman? Pasalnya beberapa minggu terakhir, fokus kebijakan luar negeri Jerman justru secara kentara teralihkan pada eskalasi konflik di Timur Tengah dan wilayah sekitarnya. SCROLL TO CONTINUE WITH CONTENT Ketika Israel menyerang fasilitas nuklir di Iran sekitar dua pekan lalu, Wadephul tengah melakukan perjalanan ke kawasan Timur Tengah dan negara-negara tetangganya. Di ibukota Mesir, ia mencoba menjajaki kemungkinan solusi damai untuk konflik tersebut. Namun saat brada di Kairo, ia dibuat terkejut oleh serangan Israel, dan terpaksa mengubah rencana perjalanannya. Tak lama setelahnya, seminggu kemudian, ia berupaya melakukan mediasi di Jenewa bersama sejawatnya dari Prancis, Inggris, dan Iran, tapi Presiden AS Donald Trump malah mengirim bom ke Iran. Tema Ukraina juga hanya mendapatkan porsi yang relatif kecil dalam Konferensi Tingkat Tinggi (KTT) NATO di Den Haag. Wadephul sudah tiba di Ukraina, dalam kunjungan perdananya ke Kyiv dua bulan setelah didapuk sebagai menteri luar negeri Jerman. Perjalanan keretanya menuju Kyiv ""seperti biasanya"" tidak diumumkan sebelumnya, demi alasan keamanan. Di stasiun Kyiv, ia disambut oleh Duta Besar Jerman untuk Ukraina, Martin JÃ¤ger, yang akan segera menjabat menjadi kepala Badan Intelijen Jerman (BND). Ukraina saat ini tengah mengalami serangan terberat dari Rusia dalam beberapa bulan terakhir. Pasukan Rusia, menurut informasi yang didapat Menteri Luar Negeri Jerman itu, pada malam menjelang hari Minggu (29/06) lalu meluncurkan lebih dari 500 drone, roket, dan misil jelajah ke seluruh negeri. ini angka tertinggi sejak perang dimulai pada musim semi 2022. Demikian disampaikan kolega Ukraina Wadephul, Andrij Sybiha. Setelah itu, politikus dari partai Uni Kristen-CDU Jerman itu mengunjungi sebuah rumah-rumah tinggal yang hancur akibat serangan. ""Kondisi ini kembali membuka matanya, tentang apa sebenarnya yang ingin dicapai Presiden Rusia lewat serangannya terhadap warga sipil"", ujar Wadephul. ""Ini adalah kalkukasi dingin Vladimir Putin. Ia ingin melemahkan tekad rakyat Ukraina dalam mempertahankan diri. Hal ini tidak boleh terjadi, karena di sini ada orang tak berdosa, anak-anak, perempuan, orang sakit yang mungkin tak sempat melarikan diri tepat waktu, dan akhinya meninggal dunia,"" papar menlu Jerman itu. Ukraina tetap menjadi pusat perhatian kebijakan luar negeri Jerman. Hal ini juga ditegaskan juru bicara Kanselir Jerman, Stefan Kornelius pada hari Senin (30/06) di Berlin. Meskipun seluruh upaya diplomatik diarahkan untuk meredakan konflik di Timur Tengah dan sekitarnya, Friedrich Merztetap memegang prinsip: ""Ukraina adalah perang paling penuh konflik yang paling dekat dengan kita, yang paling banyak membatasi kapasitas Eropa. Perang ini mengancam tatanan perdamaian kita sendiri paling besar. Oleh sebab itu, Kanselir selalu menekankan bahwa perdamaian yang langgeng di Ukraina adalah tujuan utama kami."" Di Kyiv, Wadephul menegaskan, betapa pentingnya kehadiran sejumlah perwakilan industri persenjataan Jerman yang mendampinginya. Pemerintahan baru yang terdiri dari koalisi partai konservatif dan sosial demokrat, sebelumnya sudah mulai sedikit menggeser aksen dukungan kepada Ukraina: Mereka ingin mengurangi pembicaraan soal sistem senjata Jerman yang dikirim ke Ukraina, dan lebih menekankan produksi di dalam negeri Ukraina sendiri, yang masih memiliki ruang besar untuk berkembang. Pabrik-pabrik persenjataan di negara itu masih jauh dari kapasitas penuh. Oleh karena itu, industri Jerman ingin mulai aktif berpartisipasi langsung dengan berbagai usaha patungan (joint ventures) di Ukraina. Wadephul mengatakan, ia mengamati sistem pertahanan udara Jerman ""Iris-T"" yang kini digunakan Ukraina. Minatnya juga karena ia ""dulu pernah menjadi perwira pertahanan udara Angkatan Bersenjata Jerman,"" tambah Wadephul. Ke depannya, akan lebih sedikit senjata Jerman yang dikirim ke Ukraina, namun lebih banyak dukungan bagi industri di sana. ""Ini adalah kelanjutan logis dari pengiriman material kami, dan kita bahkan bisa saling menguntungkan. Dengan kekayaan ide dan pengalaman kalian, kami juga bisa memetik manfaat,"" ujar Menteri Luar Negeri Jerman itu kepada tuan rumahnya di Ukraina. Sementara itu, di Berlin dan Brussels, dalam waktu bersamaan berlangsung perdebatan sengit mengenai paket sanksi ke-18 Uni Eropa terhadap Rusia. Pada KTT Uni Eropa pekan lalu, pengesahan paket tersebut sempat gagal karena perlawanan Slovakia. Namun pemerintah negara anggota UE bertekad melakukan segala cara ,agar paket itu bisa segera disetujui. Artikel ini pertama kali dirilis dalam bahasa JermanDiadaptasi oleh: Ayu PurwaningsihEditor: Agus Setiawan Simak juga Video: Melihat Ladang Ranjau di Donetsk Ukraina Timur [Gambas:Video 20detik] ",Deutsche Welle (DW),https://news.detik.com/dw/d-7991108/menlu-jerman-ingin-lebih-banyak-industri-patungan-bikin-senjata-di-ukraina,2025/07/01 18:14:28
"Kado Hari Bhayangkara, Polda Sumut Ungkap 100 Kg Sabu Jaringan Internasional","Polda Sumatera Utara (Sumut)membongkar 100 kilogram sabudari jaringan internasional di Tanjung Balai, Sumut. Pengungkapan narkoba itu disebut sebagai kado Hari Bhayangkara. ""(Pengungkapan) dalam rangka Hari Bhayangkara, tim opsnal berhasil mengungkap 100 kilogram sabu jaringan internasional,"" kata Direktur Reserse Narkoba Polda Sumut Kombes Jean Calvijn Simanjuntak, Rabu (2/7/2025). Dalam pengungkapan ini Polda Sumut menangkap seorangtersangka inisial AP (34)di SPBU Jalan Arteri, Kelurahan Sirantau, Kecamatan Datuk Bandar, Kota Tanjung Balai, Sumut, pada Senin (30/6). SCROLL TO CONTINUE WITH CONTENT ""Tersangka AP ini merupakan residivis,"" imbuhnya. Pengungkapan berawal dari adanya informasi terkait adanya pengantaran narkoba di sekitar TKP. Tim kemudian melakukan penyelidikan dan menangkap tersangka berikut barang buktinya. ""Hasil interogasi tersangkadikendalikan oleh DPO Yuntuk mengantar barang bukti ke Medan,"" jelasnya. Tersangka diamankan berikut barang bukti 1 unit mobil Avanza bernopol BK-1689-UJ, 5 bungkus plastik besar berisi 100 kg sabu yang dikemas bungkus 'Guanyinwang'. ""Saat ini kami masih melakukan pengejaran terhadap DPO Y dan DPO X (pengendali barang bukti yang masuk dari Malaysia),"" pungkasnya.",Rumondang Naibaho,https://news.detik.com/berita/d-7991684/kado-hari-bhayangkara-polda-sumut-ungkap-100-kg-sabu-jaringan-internasional,2025/07/02 09:00:37
Anggota MPR Minta Konservasi & Keselamatan di Gunung Rinjani Ditingkatkan,"Anggota MPR RI, Johan Rosihan menyoroti perlunya peningkatan aspek keselamatan dan konservasi di Taman Nasional Gunung Rinjani. Hal ini menyusul tingginya pendapatan negara bukan pajak (PNBP) dari kawasan tersebut yang mencapai Rp 22,5 miliar pada tahun 2024. Menurut Johan, besarnya pendapatan tersebut harus menjadi momentum bagi negara untuk menjadikan keselamatan dan pelestarian lingkungan sebagai prioritas utama. ""Keselamatan dan konservasi dalam dunia modern bukan beban, melainkan bentuk investasi. Apalagi setelah tragedi meninggalnya wisatawan asal Brasil di jalur pendakian Rinjani. Ini seharusnya menjadi alarm keras bagi pemerintah,"" kata Johan dalam keterangan tertulis, Rabu (2/7/2025). SCROLL TO CONTINUE WITH CONTENT Dia menjelaskan tragedi yang menimpa wisatawan mancanegara itu mencoreng citra pariwisata Indonesia di mata dunia. Wisatawan tersebut meninggal dunia setelah mengalami kelelahan dan tidak segera mendapat pertolongan di medan pendakian. ""Di era keterbukaan informasi seperti sekarang, kegagalan menjamin keselamatan satu nyawa saja bisa berdampak besar pada reputasi destinasi wisata kita,"" ujarnya. Berdasarkan data Balai Taman Nasional Gunung Rinjani (TNGR) total kunjungan wisatawan ke kawasan konservasi itu mencapai 189.091 orang sepanjang tahun 2024. Dari jumlah tersebut, 74,73 persen atau 141.302 orang merupakan wisatawan domestik, sementara 47.789 orang atau 25,27 persen berasal dari mancanegara. ""Ini menunjukkan bahwa Rinjani telah menjadi magnet wisata nasional dan internasional. Namun, keberhasilan ini harus dibarengi dengan tanggung jawab negara dalam menjaga keselamatan pengunjung dan kelestarian kawasan,"" tutur Johan. Dia menambahkan bahwa kondisi lapangan masih menunjukkan minimnya kesiapan sistem penyelamatan dan perlindungan. Padahal, kawasan ini bukan sekadar tempat wisata, melainkan juga wilayah konservasi dengan ekosistem yang rapuh dan membutuhkan manajemen profesional. Usulan Fasilitas Rescue dan Teknologi Keselamatan Johan mendorong pengalokasian anggaran dari PNBP Rinjani untuk membangun dua titik fasilitas penyelamatan utama. Dia mengusulkan pembangunan gudang peralatan penyelamatan (rescue) di Pelawangan Sembalun serta pusat komando keselamatan di Rinjani Trekking Centre (RTC) Sembalun. ""Gudang rescue perlu dilengkapi alat evakuasi vertikal sejauh 500 meter, panel surya untuk pengisian baterai, serta alat bantu komunikasi darurat dan drone pencari. Sementara RTC bisa menjadi pusat kontrol 24 jam dengan teknologi seperti drone thermal dan sistem pelacakan,"" ungkap Johan. Dia menekankan bahwa kesiapsiagaan penuh sangat dibutuhkan, terutama saat musim pendakian. Selama ini, insiden ringan hingga berat kerap tidak tertangani karena keterbatasan akses dan belum adanya tim penyelamat permanen. ""Negara tidak boleh menunggu korban berikutnya untuk bertindak. Investasi dalam keselamatan adalah syarat mutlak dari pariwisata berkelanjutan,"" tegasnya. Selain aspek penyelamatan, Johan juga menyoroti pentingnya pemasangan rambu keselamatan di jalur-jalur berisiko tinggi, terutama di atas Pelawangan Sembalun menuju puncak. Kondisi jalur yang terjal dan licin memerlukan penanda visual, peringatan arah angin, dan informasi zona rawan longsor. ""Edukasi bagi pendaki sejak awal juga sangat penting. Tidak semua orang punya pengalaman mendaki gunung. Pos edukasi dan video briefing di shelter utama wajib disediakan, terutama karena 74 persen pendaki adalah wisatawan domestik,"" katanya. Johan turut menyoroti lemahnya pengawasan terhadap operator trekking yang kerap mengabaikan standar keselamatan. Dia mendorong penguatan sertifikasi pemandu, pembatasan jumlah pendaki harian, dan pengawasan terhadap jalur resmi. ""Peran pengelola TNGR harus lebih kuat. Bukan hanya sebagai regulator, tapi juga fasilitator keselamatan dan pembina komunitas trekking. Jika dikelola serius, Rinjani bisa menjadi contoh pengelolaan wisata konservasi terbaik di Asia Tenggara,"" tutupnya.",Dea Duta Aulia,https://news.detik.com/berita/d-7991560/anggota-mpr-minta-konservasi-keselamatan-di-gunung-rinjani-ditingkatkan,2025/07/02 06:52:05
"Tiba di Bandara King Abdulaziz Jeddah, Prabowo Disambut Upacara Kehormatan","Presiden RI Prabowo Subiantotiba di Jeddah, Arab Saudi untuk memulai kunjungan kenegaraan. Prabowo disambut upacara kehormatan saat menginjakan kaki di Jeddah. Pesawat kepresidenan yang ditumpangi Prabowo dan rombongan terbatas mendarat di Royal Terminal, Bandar Udara Internasional King Abdulaziz, Jeddah, pada Selasa (1/7) pukul 21.12 waktu setempat. Setibanya di bandara, Prabowo disambut secara resmi oleh delegasi Kerajaan Arab Saudi dalam sebuah upacara kehormatan. Tampak diantaranya adalah Menteri Majid bin Abdullah Al-Qasabi, Wakil Gubernur Mekkah Pangeran Suud bin Mis'al bin Abdul Aziz Al-Saud, dan Wali Kota Jeddah Saleh Ali Al-Turki. SCROLL TO CONTINUE WITH CONTENT Prabowo juga disambut dan melewati pasukan jajar kehormatan. Saat melewati pasukan, 21 dentuman meriam salvo turut mengiringi kedatangan Prabowo. Selain itu, tampak menyambut dari pihak Indonesia yakni Duta Besar RI untuk Kerajaan Arab Saudi Abdul Aziz serta Atase Pertahanan KBRI Riyadh Brigadir Jenderal Eri Nasuhi. Dari bandara,Prabowolangsung menuju hotel tempatnya bermalam selama berada di Jeddah, sebelum memulai agenda kenegaraan yang telah dijadwalkan. Seperti diketahui, Prabowo dijadwalkan bertemu dengan Putra Mahkota sekaligus Perdana Menteri Arab Saudi, Mohammed bin Salman Al Saud, dalam pertemuan di Istana Al-Salam, Jeddah. Kunjungan ini diharapkan dapat memperkuat kerja sama kedua negara pada sejumlah bidang strategis. Selain itu, kunjungan ini juga menjadi bagian dari upaya Indonesia dalam menjalankan diplomasi aktif yang berlandaskan pada kepentingan nasional dan perdamaian global. Turut mendampingi Prabowo dalam kunjungan ke Arab Saudi antara lain Menteri Luar Negeri Sugiono dan Sekretaris Kabinet Teddy Indra Wijaya. ",Eva Safitri,https://news.detik.com/berita/d-7991520/tiba-di-bandara-king-abdulaziz-jeddah-prabowo-disambut-upacara-kehormatan,2025/07/02 04:14:20
Trump Umumkan Israel Sepakat Gencatan Senjata 60 Hari di Gaza,"Presiden Amerika Serikat,Donald Trump, mengumumkan perkembangan upaya gencatan senjata di Gaza. Trump menyebut Israel telah menerima proposal gencatan senjata yang ditawarkan Amerika. ""Israel telah menyetujui persyaratan yang diperlukan untuk menuntaskan gencatan senjata 60 hari,"" tulis Trump di Truth Social dilansirAFP, Rabu (2/7/2025). Trump mengatakan kesepakatan ini juga akan diberikan kepada perwakilan Qatar dan Mesir. Perwakilan kedua negara tersebut nantinya akan menyampaikan proposal gencatan senjata tersebut kepada Hamas. SCROLL TO CONTINUE WITH CONTENT Trump juga berharapHamasmenerima proposal gencatan senjata 60 hari di Gaza. Dia menyebut upaya meredam agresi Israel di Gaza tidak akan berhasil jika Hamas menolak proposal tersebut. ""Saya berharap, demi kebaikan Timur Tengah, Hamas menerima kesepakatan ini, karena kesepakatan ini tidak akan membaik (jika ditolak Hamas)- hanya akan menjadi lebih buruk,"" tulis Trump. Militer Israel diketahui meningkatkan aksi kekerasan terhadap warga Palestina di Tepi Barat sejak 7 Oktober 2023. Aksi kekerasan ini menewaskan 1.000 warga Palestina. DilansirAljazeera, Selasa (1/7), ketika dunia teralihkan oleh genosida yang dilakukan pasukan Israel di Gaza, yang telah menewaskan lebih dari 56.331 orang dan mengusir hampir seluruh populasi yang berjumlah 2,3 juta orang, Israel juga meningkatkan serangannya di Tepi Barat. Tak hanya melalui militer, pemukim Israel juga menyerang dan membunuh penduduk desa Palestina. Sementara jumlah warga Palestina yang tewas di Gaza oleh pasukan Israel sejak Oktober 2023 telah meningkat menjadi 56.647. Selain itu tercatat 134.105 orang terluka selama kurun waktu tersebut. Tonton juga ""Trump Resmi Cabut Sanksi AS terhadap Suriah"" di sini: [Gambas:Video 20detik] Saksikan Live DetikPagi:",Yogi Ernes,https://news.detik.com/internasional/d-7991562/trump-umumkan-israel-sepakat-gencatan-senjata-60-hari-di-gaza,2025/07/02 06:56:04
Skandal Telepon Bikin Kekuasaan PM Thailand Dibekukan,,Tim detikcom,https://news.detik.com/internasional/d-7991533/skandal-telepon-bikin-kekuasaan-pm-thailand-dibekukan,2025/07/02 05:32:14
"Kemlu Ungkap WNI Selebgram di Myanmar Didakwa UU Teroris, Divonis 7 Tahun Bui","Kementerian Luar Negeri RImenyampaikan warga negara Indonesia (WNI) yang ditangkap di Myanmar atas tuduhan mendukung gerakan oposisi bersenjata di negara itu telah divonis tujuh tahun penjara. Kemlu dan KBRI di Yangon memfasilitasi permohonan pengampunan dari pihak keluarga. Direktur Pelindungan WNI Kemlu RI Judha Nugraha menerangkan WNI berinisial AP itu ditangkap otoritas Myanmar pada 20 Desember 2024. AP didakwa melanggar Undang-Undang Anti-Terorisme, UU Keimigrasian, dan UU Perkumpulan yang Melanggar Hukum (Unlawful Associations Act). ""Setelah melalui proses pengadilan, AP divonis tujuh tahun penjara,"" kata Judha, dikutipAntara,Rabu (2/7/2025). SCROLL TO CONTINUE WITH CONTENT Judha mengatakan AP saat ini mendekam di penjara Insein di Yangon, Myanmar. Meski AP sudah divonis, Kemlu RI dan KBRI di Yangon memperjuangkan upaya non-litigasi bagi pembebasan AP. ""Termasuk melalui fasilitasi permohonan pengampunan dari pihak keluarga,"" kata pejabat Kemlu itu. Judha memastikan bahwa pihaknya akan terus memonitor kondisi AP selama menjalani hukuman penjara. ""Baru saja orang tua AP menjenguk (anaknya) di penjara,"" katanya, menambahkan. Penangkapan seorang WNI oleh junta militer Myanmar diungkapkan anggota Komisi I DPR RI Abraham Sridjaja dalam rapat kerja bersama Menteri Luar Negeri Sugiono pada Senin (30/6). ""Dia dituduh mendanai pemberontak Myanmar. Anak muda, seumuran saya, usia 33 tahun; masih muda, padahal dia tidak ada niat seperti itu,"" kata Abraham saat itu, sembari mengungkapkan identitas WNI tersebut sebagai 'seorang ""selebgram'. Dia meminta pemerintah dapat memperjuangkan agar WNI itu bisa kembali ke Indonesia, baik melalui amnesti maupun deportasi. Kabar WNI ditahan di Myanmar disampaikan dalam rapat di DPR pada Selasa (30/6) kemarin. Anggota Komisi I DPR RI, Abraham Sridjaja, mengadu ke Menteri Luar Negeri RI Sugiono tentang warga negara Indonesia (WNI) yang ditahan di Myanmar lantaran diduga mendanai pemberontakan. Abraham meminta Menlu untuk menindaklanjuti informasi tersebut. Abraham mengatakan WNI yang ditahan merupakan anak muda berusia 33 tahun. Abraham mengatakan WNI itu merupakan selebgram yang senang membuat konten. ""Nah alangkah baiknya bisa dikomunikasikan untuk diberikan amnesti ataupun dideportasi, karena dia dituduh bahwa dia mendanai pemberontak Myanmar. Anak muda, Pak, umurnya seumuran saya, 33 (tahun) masih muda,"" ujar Abraham. Tonton juga ""Kemlu Dorong Sinergi untuk Menguatkan Jakarta Sebagai Ibu Kota ASEAN"" di sini: [Gambas:Video 20detik] Saksikan Live DetikPagi:",Antara News,https://news.detik.com/berita/d-7991592/kemlu-ungkap-wni-selebgram-di-myanmar-didakwa-uu-teroris-divonis-7-tahun-bui,2025/07/02 07:34:36
"Setelah Puluhan Tahun, Trump Akhirnya Cabut Sanksi Suriah",,Rita Uli Hutapea,https://news.detik.com/internasional/d-7990374/setelah-puluhan-tahun-trump-akhirnya-cabut-sanksi-suriah,2025/07/01 12:56:03
"Sirine Sempat Meraung di Yerusalem, Israel Klaim Cegat Rudal dari Yaman","Bunyi sirine sempat meraung di sejumlah kotaIsrael, termasuk Yerusalem. Militer Israel menyebut pihaknya berhasil mencegat serangan rudal yang dikirimkan dari Yaman. Suara sirine itu meraung pada Selasa (1/7) waktu setempat. Israel mengatakan berhasil mendeteksi sebuah rudal yang diluncurkan dari Yaman, namun belum diketahui dalang di balik serangan tersebut. ""Setelah sirene yang berbunyi beberapa saat yang lalu di beberapa daerah di Israel, sebuah rudal yang diluncurkan dari Yaman dicegat oleh angkatan udara Israel,"" kata pernyataan militer Israel dilansirAFP, Rabu (2/7/2025). SCROLL TO CONTINUE WITH CONTENT Kelompok Houthi Yaman yang didukung Iran telah meluncurkan serangan rudal dan pesawat tak berawak berulang kali terhadap Israel sejak serangan sekutu Palestina mereka,Hamas, pada bulan Oktober 2023 terhadap Israel memicu perang Gaza. Pada hari Sabtu (28/6), Houthi mengatakan mereka menembakkan rudal balistik ke Israel sebagai tanggapan atas perilaku Israel terhadap warga Palestina selama perang Gaza. Itu adalah peluncuran rudal pertama terhadap Israel yang diumumkan oleh Houthi sejak gencatan senjata 24 Juni antara Israel dan Iran yang mengakhiri perang 12 hari mereka. Israel telah melancarkan beberapa serangan balasan di Yaman, yang menargetkan pelabuhan yang dikuasai Houthi dan bandara di ibu kota Sanaa yang dikuasai kelompok tersebut. ",Yogi Ernes,https://news.detik.com/internasional/d-7991511/sirine-sempat-meraung-di-yerusalem-israel-klaim-cegat-rudal-dari-yaman,2025/07/02 01:43:34
2 Kapal Induk China Latihan Perang di Samudra Pasifik,,Novi Christiastuti,https://news.detik.com/internasional/d-7990338/2-kapal-induk-china-latihan-perang-di-samudra-pasifik,2025/07/01 12:34:53
"Putin-Macron Bicara via Telepon 2 Jam, Bahas Perang Ukraina hingga Nuklir Iran","Presiden Rusia Vladimir Putindan Presiden Prancis Emmanuel Macron terlibat pembicaraan selama dua jam melalui sambungan telepon. Ini merupakan diskusi keduanya sejak terakhir terjadi pada 2022. ""Pembicaraan berlangsung selama lebih dari dua jam dan Macron dan Putin sepakat untuk mengadakan lebih banyak kontak mengenai Ukraina dan Iran di masa mendatang,"" kata kepresidenan Prancis dilansirAFP, Rabu (2/7/2025). Dalam pembicaraan telepon dengan Putin, Macron menekankan dukungan Prancis terhadap kedaulatan Ukraina. Dia mendorong gencatan senjata terjadi antara Ukraina dan Rusia. SCROLL TO CONTINUE WITH CONTENT ""Macron ""menekankan dukungan teguh Prancis terhadap kedaulatan dan integritas teritorial Ukraina"" dan menyerukan pembentukan, sesegera mungkin, gencatan senjata dan peluncuran negosiasi antara Ukraina dan Rusia untuk penyelesaian konflik yang solid dan langgeng,"" kata Istana Elysee. Pihak Kremlin juga telah mengeluarkan keterangan terkait pembicaraan telepon Putin dan Macron. Kremlin menyebut Putin telah mengingatkan Macron bahwa konflik Ukraina merupakan konsekuensi langsung dari kebijakan negara-negara Barat. Putin menambahkan bahwa negara-negara Barat telah selama bertahun-tahun mengabaikan kepentingan keamanan Rusia dan ""menciptakan jembatan anti-Rusia di Ukraina"". Perang 12 hari Israel dan Iran juga dibahas Putin dan Macron. Macron sebelumnya mendesak Iran untuk meredakan ketegangan dengan beralih ke ""pengayaan nol"" uranium dalam program nuklirnya. Rusia selaku anggota tetap Dewan Keamanan PBB, memiliki hubungan baik dengan para pemimpin ulama Iran dan telah lama mendesak solusi diplomatik untuk kebuntuan atas program nuklir Iran. ""Dia menyatakan tekadnya untuk mencari solusi diplomatik yang akan memungkinkan penyelesaian yang langgeng dan menuntut atas masalah nuklir, masalah rudal Iran, dan perannya di kawasan tersebut,"" kata Istana Elysee. Kremlin mengatakan Putin menekankan ""hak sahTeherandalam mengembangkan program nuklir sipil"". Kedua presiden sepakat bahwa konflik atas program nuklir Iran dan konflik Timur Tengah lainnya harus diselesaikan ""secara eksklusif"" melalui cara diplomatik. Putin dan Macron juga disebut sepakat akan melanjutkan kontak mengenai hal ini.",Yogi Ernes,https://news.detik.com/internasional/d-7991516/putin-macron-bicara-via-telepon-2-jam-bahas-perang-ukraina-hingga-nuklir-iran,2025/07/02 03:03:08
4 Kios di Pasar Cibinong Bogor Kebakaran Dipicu Gas Bocor,"Kebakaran melanda sejumlah kios di area sekitar PasarCibinong, Bogor, Jawa Barat. Sebanyak empat kios di belakang Terminal Cibinong hangus dilalap si jago merah. ""Objek terbakar empat lapak warung, yaitu lapak sayur, lapak buah, warung kopi, dan warung nasi,"" kata Kadis Damkar Kabupaten Bogor, Yudi Santosa, Rabu (2/7/2025). Peristiwa itu terjadi pada sekitar pukul 04.53 WIB pagi tadi. Yudi mengatakan titik awal kebakaran mulanya disebabkan dari kebocoran gas di salah satu kios. SCROLL TO CONTINUE WITH CONTENT ""Sumber api atau penyebab kebakaran karena kebocoran gas"" ungkapnya. Petugas menerima laporan sekitar beberapa menit kemudian. Menerima laporan warga, petugas damkar segera menuju ke lokasi kejadian. ""Petugas tiba di lokasi pukul 05.07 WIB,"" ucapnya. Petugas segera melakukan penanganan begitu tiba di lokasi. Penanganan dilakukan selama hampir satu jam hingga api dipadamkan. ""Situasi akhir kondusif, waktu penanganan dilakukan selama 56 menit,"" tuturnya. Yudi mengatakan tidak ada korban jiwa dalam kebakaran tersebut. ""Nggak ada (korban,"" ujarnya.",Rizky Adha Mahendra,https://news.detik.com/berita/d-7991641/4-kios-di-pasar-cibinong-bogor-kebakaran-dipicu-gas-bocor,2025/07/02 08:46:34
PPIH Sebut Jemaah RI Hilang di Saudi Dibadalkan Hajinya,"Tiga orang jemaah asal Indonesia dilaporkan hilang saat melaksanakan ibadah haji diArab Saudi. Dua orang jemaah yang belum menunaikan haji dibadalkan atau diwakilkan hajinya. ""Dua orang hilang sejak sebelum Arafah, dan sudah dibadalkan hajinya. Sementara satu orang lagi (hilang) setelah haji selesai (Armuzna),"" kata Ketua Petugas Penyelenggara Ibadah Haji (PPIH) Arab Saudi, Muchlis M Hanafi, saat dihubungi, Rabu (2/7/2025). Muchlis merinci mereka yang hilang adalah Nurimah (80), jemaah kelompok terbang 19 Embarkasi Palembang. Nurimah dilaporkan pergi dari hotel 614 dan tak kembali lagi sejak 28 Mei atau dua hari setelah tiba di Makkah. SCROLL TO CONTINUE WITH CONTENT Selain itu, ada Sukardi (67), jemaah kelompok terbang 79 Embarkasi Surabaya. Sukardi dilaporkan pergi dari hotel 813 dan tak kembali lagi sejak 29 Mei atau dua hari setelah tiba di Makkah Terakhir, Hasbulah (73), jemaah kelompok terbang 7 Embarkasi Banjarmasin. Hasbullah dilaporkan meninggalkan hotel 709 pada Selasa (17/6) dini hari. Muchlis mengatakan hingga kini petugas masih terus berupaya mencari keberadaan para jemaah. Pihaknya menyisir beberapa rumah sakit di Saudi hingga berkoordinasi dengan pemerintah setempat. ""PPIH Arab Saudi (layanan perlindungan jamaah) masih terus berupaya mencari dan menemukan tiga orang yang hilang, antara lain dengan menyisir beberapa rumah sakit Arab Saudi. Melalui syarikah dan kementerian haji sudah melaporkan tiga jamaah yang hilang tersebut. Hasilnya masih belum ditemukan,"" ujarnya. DPR Evaluasi Pelaksanaan Haji Wakil Ketua DPR RI Cucun Ahmad Syamsurijal menyoroti kasus hilangnya 3 anggota jemaah haji di Arab Saudi. Ia menyebutkan Tim Pengawas (Timwas) Haji DPR RI akan mengevaluasi pelaksanaan haji 2025 secara menyeluruh pekan depan. ""Bukan hanya dorongan (mencari 3 WNI). Tugaskan, pastikan, statusnya kepada penanggung jawab PPIH (petugas penyelengara ibadah haji) di sana. Karena kita, rencana saya itu dalam minggu atau minggu ini atau minggu depan, semua Timwas kita akan rapat mengevaluasi total,"" ujar Cucun di kompleks Parlemen, Senayan, Jakarta Pusat, Selasa (1/6). Cucun mengatakan evaluasi pelaksanaan haji tahun ini bukan hanya ranah Komisi VIII DPR. Evaluasi akan menyertakan pansus (panitia khusus). ""Nanti evaluasinya kan sudah jelas karena ini bukan lagi Komisi VIII karena sudah Timwas, otomatis lintas komisi sudah pansus kan,"" ujar Cucun. ""Makanya nanti, minggu ini atau minggu depan, kita akan lakukan gelar rapat Timwas. Termasuk tadi isu yang tiga WNI ini kalau memang sekarang sebelum statusnya diketahui, harus segera,"" tambahnya. Cucun meminta Kemenag mencari tiga anggota jemaah yang hilang di Arab Saudi. Ia berharap ketiga orang itu dalam kondisi aman dan sehat. ""Kita sampaikan kepada pemerintah terutama kementerian agama yang masih bertanggung jawab mengurus jemaah haji. Harus memastikan jemaah ini bisa ditemukan kalau masih hidup,"" ujar Legislator PKB ini. Cucun ingin keluarga korban mendapat kepastian. Ia menilai hal ini sebagai catatan terhadap pelaksanaan haji 2025. ""Walaupun misalkan sudah meninggal juga harus ada kepastian buat keluarga. Nggak boleh tidak ada kepastian. Ini menjadi catatan kita juga DPR,"" imbuhnya.",Wildan Noviansah,https://news.detik.com/berita/d-7991554/ppih-sebut-jemaah-ri-hilang-di-saudi-dibadalkan-hajinya,2025/07/02 06:32:16
5 Berita Terpopuler Internasional Hari Ini,,Tim detikcom,https://news.detik.com/internasional/d-7990913/5-berita-terpopuler-internasional-hari-ini,2025/07/01 16:42:11
"Serangan Roket Hantam Bandara Irak, 2 Orang Luka-luka",,Novi Christiastuti,https://news.detik.com/internasional/d-7990796/serangan-roket-hantam-bandara-irak-2-orang-luka-luka,2025/07/01 15:45:40
"Ruang Farmasi RS Hermina Jatinegara Terbakar, Diduga Panel Listrik Meledak","Ruang Farmasi di Rumah Sakit (RS) Hermina Kampung Melayu, Jatinegara, Jakarta Timur terbakar pagi ini. Seorang saksi mendengar suara ledakan dari panel listrik di ruang farmasi saat awal terjadinyakebakaran. ""Terdengar ledakan dari panel listrik di ruang farmasi lantai tiga dan segera menghubungi pemadam kebakaran untuk meminta bantuan pemadaman api,"" kata Kepala Seksi Operasi (Kasi Ops) Suku Dinas Penanggulangan Kebakaran dan Penyelamatan (Gulkarmat) Jakarta Timur Abdul Wahid dilansirAntara, Rabu (2/7/2025). Abdul mengatakan penyebab kebakaran diduga berasal dari panel listrik yang meledak. Sebab, berdasarkan pantauan dari CCTV rumah sakit sebelum kebakaran muncul asap dari panel listrik tersebut. SCROLL TO CONTINUE WITH CONTENT ""Diduga panel listrik di ruang farmasi lantai tiga meledak. Jadi awalnya asap tebal terlihat oleh sekuriti dari pemantauan CCTV di ruang farmasi, lalu mencoba memadamkan dengan hidran dan segera menghubungi Damkar,"" katanya. Untuk diketahui, informasi adanya kebakaran disampaikan oleh salah satu warga sekitar melalui pusat panggilan (call center) Dinas Gulkarmat Jakarta pada pukul 05.02 WIB. Lalu, pihak Suku Dinas (Sudin) Gulkarmat Jakarta Timur langsung menuju tempat kejadian perkara (TKP) bersama satu unit pemadam kebakaran untuk pengerahan awal. ""Kami terima kabar pukul 05.02 WIB, terus tiba di lokasi sekitar pukul 05.08 WIB. Awal pemadaman kami lakukan pukul 05.10 WIB,"" ujar Abdul. Abdul menyebutkan, api berhasil dilokalisir sekitar pukul 05.11 WIB dan pendinginan pukul 05.12 WIB. Hingga saat ini petugas Gulkarmat Jakarta Timur (Jaktim) masih melakukan pendinginan untuk menghilangkan asap yang masih mengepung beberapa ruangan di rumah sakit tersebut. Meskipun api sudah dapat dipadamkan kurang lebih setengah jam kemudian, namun asap masih menyelimuti gedung RS Hermina, khususnya beberapa lantai di gedung rawat jalan. Puluhan pasien yang masih dirawat baik menggunakan kursi roda ataupun tempat tidur langsung dievakuasi ke luar gedung. Beberapa pasien juga langsung dievakuasi ke unit gawat darurat (UGD) untuk memastikan keadaan pasien baik dan mendapatkan pertolongan.",Antara,https://news.detik.com/berita/d-7991607/ruang-farmasi-rs-hermina-jatinegara-terbakar-diduga-panel-listrik-meledak,2025/07/02 08:05:57
Tak Ada Lagi Vonis Ringan untuk Harvey Moeis,,Haris Fadhil,https://news.detik.com/berita/d-7991685/tak-ada-lagi-vonis-ringan-untuk-harvey-moeis,2025/07/02 09:00:47
"3 Jemaah RI Hilang di Saudi Punya Riwayat Demensia, Area Masjidil Haram Disisir","Petugas Penyelenggara Ibadah Haji (PPIH)Arab Saudimenyebut tiga orang jemaah yang hilang saat melaksanakan ibadah haji memiliki riwayat demensia. PPIH masih mencari keberadaan para korban. ""Menurut pelapor ketiganya memiliki riwayat demensia dan sudah beberapa kali juga hilang namun masih diketemukan,"" terang Kepala Bidang Pelindungan Jemaah Kolonel Harun Al Rasyid saat dihubungi, Rabu (2/7/2025). Dia merinci mereka yang hilang adalah Nurimah (80), jemaah kelompok terbang 19 Embarkasi Palembang. Nurimah dilaporkan pergi dari hotel 614 dan tak kembali lagi sejak 28 Mei atau dua hari setelah tiba di Makkah. SCROLL TO CONTINUE WITH CONTENT Selain itu, ada Sukardi (67), jemaah kelompok terbang 79 Embarkasi Surabaya. Sukardi dilaporkan pergi dari hotel 813 dan tak kembali lagi sejak 29 Mei atau dua hari setelah tiba di Makkah Terakhir, Hasbulah (73), jemaah kelompok terbang 7 Embarkasi Banjarmasin. Hasbullah dilaporkan meninggalkan hotel 709 pada Selasa (17/6) dini hari. Harun menjelaskan, pihaknya telah membentuk dua tim untuk mencari ketiga jemaah. Proses pencarian ini dilakukan di berbagai tempat, termasuk sejumlah rumah sakit (RS) sekitar Makkah dan Jedah. Sejumlah tempat yang sudah ditelusuri antara lain Jabal Khandamah, Jabal Tsur, Kamar Mayat RS An-Noor Makkah. Pencarian juga dilakukan pada sejumlah tempat di sekeliling hotel tempat tinggal jemaah, kawasan Arafah dan Muzdalifah, perbatasan Makkah dan al-Lith, serta pengecekan CCTV. ""Kita juga berkoordinasi dengan unsur kesehatan, KKHI Makkah, pihak KJRI, dan beberapa kantor polisi di wilayah Makkah. Terakhir, bahkan kami menyampaikan hal ini sekaligus minta bantuan saat kunjungan Wakil Menteri Haji dan Umrah ke kantor misi haji Indonesia di Daker Makkah,"" jelasnya. Lebih lanjut, Harun menyebut pihaknya juga bersurat ke masing-masing Syarikah penyedia layanan jemaah. Harun menegaskan proses pencarian akan terus dilakukan hingga akhir masa operasional haji 2025. ""Kami bersama tim setiap hari melakukan penyisiran di berbagai tempat termasuk wilayah Masjidil Haram dan tempat-tempat lainnya,"" pungkasnya. DPR Soroti 3 Jemaah Haji Hilang Wakil Ketua DPR RI Cucun Ahmad Syamsurijal sebelumnya menyoroti kasus hilangnya 3 anggota jemaah haji di Arab Saudi. Ia menyebutkan Tim Pengawas (Timwas) Haji DPR RI akan mengevaluasi pelaksanaan haji 2025 secara menyeluruh pekan depan. ""Bukan hanya dorongan (mencari 3 WNI). Tugaskan, pastikan, statusnya kepada penanggung jawab PPIH (petugas penyelengara ibadah haji) di sana. Karena kita, rencana saya itu dalam minggu atau minggu ini atau minggu depan, semua Timwas kita akan rapat mengevaluasi total,"" ujar Cucun di kompleks Parlemen, Senayan, Jakarta Pusat, Selasa (1/6). Cucun mengatakan evaluasi pelaksanaan haji tahun ini bukan hanya ranah Komisi VIII DPR. Evaluasi akan menyertakan pansus (panitia khusus). Cucun meminta Kemenag mencari tiga anggota jemaah yang hilang di Arab Saudi. Ia berharap ketiga orang itu dalam kondisi aman dan sehat.",Wildan Noviansah,https://news.detik.com/berita/d-7991566/3-jemaah-ri-hilang-di-saudi-punya-riwayat-demensia-area-masjidil-haram-disisir,2025/07/02 07:11:51
"Cekcok Lagi, Trump Bilang Elon Musk Akan Pulang ke Afsel Tanpa Subsidi",,Novi Christiastuti,https://news.detik.com/internasional/d-7990876/cekcok-lagi-trump-bilang-elon-musk-akan-pulang-ke-afsel-tanpa-subsidi,2025/07/01 16:28:53
Turki Tahan Kartunis Pembuat Kartun Nabi Muhammad,"Seorang kartunis yang bekerja untuk majalah satir Leman ditahan oleh polisi Turki untuk diperiksa pada hari Senin (30/06) setelah menuai kontroversi akibat karikatur yang menggambarkan Nabi Muhammad. Dalam pernyataan, kantor jaksa agung Turki mengatakan telah membuka penyelidikan atas karikatur yang diterbitkan oleh majalah tersebut pada 26 Juni lalu, yang dinilai ""secara terang-terangan merendahkan nilai-nilai keagamaan."" ""Surat perintah penangkapan telah diterbitkan untuk mereka yang terlibat,"" kata kantor kejaksaan. Surat perintah penangkapan itu juga mencakup editor-in-chief dan manajer redaksi Leman. SCROLL TO CONTINUE WITH CONTENT Menteri Kehakiman Turki, Yilmaz Tunc, sebelumnya mengatakan bahwa kartun yang menggambarkan Nabi Muhammad merupakan penghinaan terhadap sensitivitas agama dan harmoni sosial. Gambar kartun yang dimaksud dan diunggah di media sosial, tampak seperti menunjukkan Nabi Muhammad dan Nabi Musa berjabat tangan di udara sementara misil jatuh ke sebuah kota. ""Tidak ada kebebasan yang membenarkan penghinaan terhadap nilai-nilai suci suatu agama dengan cara yang keji,"" tulis Menteri Kehakiman Tunc. Menteri Dalam Negeri Turki, Ali Yerlikaya, mengonfirmasi bahwa kartunis tersebut telah ditahan, dan membagikan video yang menunjukkan dia diborgol di sebuah lorong tangga. ""Orang bernama D.P. yang membuat gambar keji ini telah ditangkap dan ditahan,"" tulisnya, menggunakan inisial kartunis tersebut. ""Mereka yang tidak tahu malu ini akan dimintai pertanggungjawaban di hadapan hukum,"" tambahnya. Meskipun Turki memiliki sistem hukum sekuler yang telah menghapuskan hukum Islam pada tahun 1920-an, undang-undang tersebut memungkinkan hukuman penjara hingga satu tahun bagi siapa pun yang ""secara terbuka menghina nilai-nilai keagamaan masyarakat."" Media Turki melaporkan puluhan demonstran berkumpul di luar kantor Leman di Istanbul setelah gambar tersebut menyebar di media sosial. Namun, majalah tersebut mengeluarkan permohonan maaf di media sosial atas segala kesalahpahaman yang ditimbulkan dan mengatakan kartun tersebut telah disalahartikan. Menurut pernyataan mereka, kartunis tersebut sebenarnya ingin menyoroti ""penderitaan seorang pria muslim yang tewas akibat serangan Israel,"" bukan untuk menghina Islam. ""Nama Muhammad termasuk nama yang paling banyak digunakan di dunia oleh umat muslim untuk menghormati Nabi. Kartun tersebut tidak menggambarkan Nabi Muhammad dan tidak dibuat untuk mengejek nilai-nilai agama,"" kata majalah itu, seraya menyebut beberapa penafsiran ""sengaja mengandung maksud jahat."" Artikel ini pertama kali terbit dalam bahasa Inggris Diadaptasi oleh Iryanda Mardanuz Editor: Hani Anggraini Lihat juga Video 'Erdogan: Iran Membela Diri dari Israel, Wajar dan Sah': [Gambas:Video 20detik] ",Deutsche Welle (DW),https://news.detik.com/dw/d-7990503/turki-tahan-kartunis-pembuat-kartun-nabi-muhammad,2025/07/01 14:05:05
Eropa Dibekap Musim Gelombang Panas Lebih Dini,"Peringatan bahaya panas ekstrem, sudah diterbitkan sejak akhir pekan di sejumlah wilayah di Spanyol, Portugal, Italia, Jerman, dan Inggris. Suhu udara diperkirakan naik drastis pada Rabu (2/7), sebelum hujan menjelang akhir pekan akan membawa sedikit keteduhan di beberapa area. ""Panas ekstrem bukan lagi peristiwa langka. Hal ini telah menjadi kondisi normal yang baru,"" cuit Sekretaris Jenderal PBB Antnio Guterres dari Seville, Spanyol, di mana suhu di hari-hari belakangan ini mencapai lebih 42 derajat Celsius. Dia menyerukan aksi nyata untuk memerangi perubahan iklim, seraya memperingatkan bahwa ""planet ini semakin panas dan berbahaya."" SCROLL TO CONTINUE WITH CONTENT Kepala kantor regional Eropa Organisasi Kesehatan Dunia (WHO), Dr. Hans Kluge, juga menyampaikan peringatan, gelombang panas ""secara diam-diam mengancam mereka yang paling rentan, yakni orang lanjut usia, anak-anak, pekerja lapangan, dan siapa pun dengan kondisi kesehatan kronis."" Serikat guru dan tenaga pendidik Jerman pada Senin (30/6) menyerukan regulasi nasional perlindungan panas di sekolah. ""Harus ada peraturan keselamatan dan kesehatan kerja yang seragam bagi siswa dan pegawai sekolah,"" ujar Anja Bensinger-Stolze, anggota dewan serikat Pendidikan dan Ilmu Pengetahuan (GEW), kepada surat kabar jaringan Redaktionsnetzwerk Deutschland (RND). Dia menambahkan , sekolah perlu dimodernisasi dengan atap hijau, tirai peneduh, serta pasokan air minum gratis untuk semua siswa dan staf. Pelatihan pertolongan pertama, serta keselamatan terkait penanganan panas ekstrem, juga wajib diselenggarakan secara luas. Gerhard Brand, Ketua Asosiasi Pendidikan dan Pengasuhan (VBE), menyarankan pemanfaatan ruang terbuka di luar sekolah saat cuaca panas, jika kurikulum memungkinkan. Dia menekankan, otoritas sekolah bertanggung jawab memastikan proses belajar tetap berlangsung, meski suhu luar ruangan sangat tinggi. Sementara itu, Federasi Rumah Sakit Jerman (DKG) menuntut dana tambahan untuk merenovasi bangunan rumah sakit lawas. ""Panas ekstrem menjadi tantangan besar bagi rumah sakit dan staf. Karena kekurangan dana investasi, hanya sedikit rumah sakit yang memiliki ruang rawat, kantor, dan ruang tunggu berpendingin,"" ujar Ketua DKG, Gerald Ga. Saat ini, rumah sakit hanya mengandalkan peneduh di fasad bangunan dan alat pendingin portabel. Ga menuntut program jangka panjang untuk perlindungan iklim, dan renovasi fasilitas kesehatan. Sementara itu, kebakaran hutan mulai menjalar di kawasan Dresden, negara bagian Sachsen, Jerman timur. Petugas pemadam kebakaran dengan cepat berhasil mengendalikan sebagian besar api di lahan seluas satu hektar itu. Sebanyak dua puluh enam petugas pemadam dikerahkan dan berhasil memperkecil area kebakaran menjadi 8.000 meter persegi, menurut laporan outlet lokal Tag24. Di selatan Eropa, situasi berlangsung lebih dramatis. Prancis melaporkan kebakaran hutan pertama musim ini dengan sekitar 400 hektare hangus di wilayah Aude. Pemerintah mengerahkan pesawat pembom air dan 300 petugas pemadam. Langkanya pendingin udara di rumah tangga Prancis juga diwaspadai oleh pemerintah dengan memperketat pengawasan terhadap kelompok rentan, termasuk lansia dan tunawisma. Di Turki, kebakaran hutan memaksa penutupan sementara Bandara Izmir dan evakuasi empat desa. Di Hatay, 1.500 orang dievakuasi akibat api yang mendekati kawasan permukiman. Spanyol dan Portugal mencatat suhu hingga 43Â°C, dengan Spanyol mencatat suhu rata-rata nasional tertinggi untuk 29 Juni sejak pencatatan dimulai pada 1950. Italia menetapkan status siaga merah di 21 kota dan memberlakukan pembatasan kerja luar ruangan di Liguria dan Sisilia. Di London, hari pertama turnamen tenis Wimbledon mencatat suhu mendekati 30Â°C, salah satu yang terpanas dalam sejarah. Aturan turnamen mengizinkan jeda 10 menit jika suhu melebihi 30,1Â°C saat pertandingan berlangsung. Sejumlah wilayah Inggris saat ini sedang dilanda gelombang panas kedua dalam sebulan, dengan suhu diperkirakan mencapai 34Â°C di London dan kawasan tenggara Inggris pada hari Senin. Suhu terpanas pada bulan Juni di Inggris tercatat mencapai 35,6Â°C di London pada 28 Juni 1976. Tingginya suhu di utara Eropa tahun ini menandakan rutinitas baru di belahan Bumi utara. Menurut Layanan Cuaca Jerman (DWD), suhu di Jerman diperkirakan memuncak pada Rabu (3/7), dengan angka lokal mendekati 40Â°C dan suhu umum berkisar antara 34Â°C hingga 38Â°C. Di Berlin yang juga dilanda panas, Kanselir Jerman Friedrich Merz dijadwalkan bertemu Perdana Menteri Luksemburg Luc Frieden pada Selasa (1/7) untuk membahas kebijakan luar negeri, Eropa, dan kerja sama bilateral, di tengah suhu udara yang mendidih. rzn/as (AFP,AP) Simak juga Video: Gelombang Panas Terjang China, Para Lansia Berlindung di Bunker [Gambas:Video 20detik] ",Deutsche Welle (DW),https://news.detik.com/dw/d-7991057/eropa-dibekap-musim-gelombang-panas-lebih-dini,2025/07/01 17:56:54
Pasang Surut Elon Musk dan Trump,,Tim detikcom,https://news.detik.com/internasional/d-7991290/pasang-surut-elon-musk-dan-trump,2025/07/01 20:03:20
Legislator Kecam Kasus Guru Ngaji Cabul di Jaksel: Alarm Keras Pendidikan!,"Anggota Komisi VIII DPR RI, Selly Andriany Gantina, mengecam ulah guru ngaji di Tebet,Jakarta Selatan(Jaksel) berinisial AF yang mencabuli 10 santrinya. Dia meminta kementerian/lembaga terkait menerapkan rekrutmen ketat untuk tenaga pengajar. ""Sebagai Anggota DPR RI Komisi VIII yang membidangi isu perlindungan anak dan keagamaan mengecam keras terjadinya dugaan pencabulan terhadap 10 anak perempuan oleh seorang oknum guru ngaji di wilayah Tebet, Jakarta Selatan,"" kata Selly saat dihubungi, Rabu (2/7/2025). Politikus PDIP ini menyebut kasus tersebut bukan hanya melanggar hukum, tapi juga mencoreng moral dan nilai agama. Dia mengatakan kasus pencabulan tersebut alarm keras untuk dunia pendidikan. SCROLL TO CONTINUE WITH CONTENT ""Kasus ini harus menjadi alarm keras bagi dunia pendidikan agama di Indonesia. Terlebih dalam banyak komunitas, guru ngaji memiliki posisi yang dihormati dan dipercaya oleh masyarakat,"" ujarnya. Dia meminta pengawasan terhadap pengajar diperketat untuk mencegah kasus serupa terulang. ""Karena itu kepercayaan ini tidak boleh disalahgunakan, dan lembaga-lembaga keagamaan harus mulai menerapkan sistem pengawasan dan rekrutmen yang ketat terhadap para pengajarnya, termasuk verifikasi rekam jejak dan integritas moral,"" imbuhnya. Dia menegaskan UU Nomor 12 Tahun 2022 tentang Tindak Pidana Kekerasan Seksual (TPKS) telah menyediakan payung hukum yang tegas untuk menindak pelaku kekerasan seksual. Dia meminta guru ngaji cabul tersebut dihukum berat. ""Pelaku dapat dijerat dengan pasal-pasal yang memuat pemberatan hukuman, karena dilakukan terhadap anak dan dalam relasi kuasa yang timpang (guru terhadap murid). Negara wajib hadir untuk melindungi korban, termasuk memberikan pemulihan psikologis secara berkelanjutan dan memastikan proses hukumnya tidak berbelit,"" jelasnya. Dia juga meminta Kementerian Agama (Kemenag) dan Kementerian Pemberdayaan Perempuan dan Perlindungan Anak (KemenPPPA) untuk membangun sistem pencegahan kekerasan seksual di lingkungan pendidikan agama. Dia juga mengajak peran orang tua untuk senantiasa mengawasi anaknya. ""Peristiwa ini menjadi pengingat penting bahwa perlindungan anak tidak boleh mengenal batas sektoral. Baik di lembaga pendidikan umum maupun agama, negara dan masyarakat harus bersama-sama memastikan bahwa ruang belajar anak adalah ruang yang aman, bersih dari kekerasan dan eksploitasi dalam bentuk apapun,"" tuturnya. Modus Ajarkan tentang Hadas Sebelumnya, seorang guru ngaji di Tebet, Jakarta Selatan, ditangkap polisi setelah diduga mencabuli 10 santri. Modusnya adalah dengan berpura-pura mengajarkan korban tentang hadas. ""(Modus) Memberikan pelajaran tambahan tentang hadas laki-laki dan perempuan,"" kata Kasat Reskrim Polres Metro Jaksel AKBP Ardian Satrio Utomo, dalam keterangannya, Senin (30/6). Saat ini kasus tersebut masih dalam penyelidikan. Polisi juga mengimbau para orang tua segera melapor apabila anak menjadi korban. Para orang tua bisa menghubungihotline0813-8519-5468. Pelaku ditangkap oleh Polres Metro Jakarta Selatan usai menerima laporan dari dua korban yang mengaji di rumah pelaku. Polisi menyebut seluruh korban masih di bawah umur dan tak menutup kemungkinan adanya korban tambahan.",Wildan Noviansah,https://news.detik.com/berita/d-7991620/legislator-kecam-kasus-guru-ngaji-cabul-di-jaksel-alarm-keras-pendidikan,2025/07/02 08:22:04
"KPK Ngegas, Nurhadi Batal Bebas",,Tim detikcom,https://news.detik.com/berita/d-7991628/kpk-ngegas-nurhadi-batal-bebas,2025/07/02 08:30:38
Mantan Wapres Ekuador Dibui 13 Tahun Atas Korupsi,,Rita Uli Hutapea,https://news.detik.com/internasional/d-7990211/mantan-wapres-ekuador-dibui-13-tahun-atas-korupsi,2025/07/01 11:44:04
"Sejumlah Pulau di NTB dan Bali Dikuasai Asing, Kok Bisa?","Menteri ATR/BPN Nusron Wahid mengungkapkan ada sejumlah pulau di wilayah Nusa Tenggara Barat (NTB) dan Bali yang dikuasai warga negara asing (WNA). Nusron mengaku akan mengecek legal standing kepemilikan pulau tersebut. Hal itu disampaikan Nusron dalam rapat kerja bersama Komisi II DPR RI di kompleks parlemen, Senayan, Jakarta, Selasa (1/7/2025). Nusron mengaku tak memahami bagaimana proses penguasaan pulau tersebut. ""Penjualan pulau-pulau kecil kepada oknum-oknum pihak asing atau WNA. Ini ada beberapa kejadian, nggak tahu dulu prosesnya bagaimana, tiba-tiba intinya apakah legal standing-nya kayak apa akan kita cek, tiba-tiba tanah itu atau pulau tersebut dikuasai oleh beberapa orang asing. Ada di Bali dan di NTB,"" kata Nusron. SCROLL TO CONTINUE WITH CONTENT Nusron menjelaskan, secara tak kasatmata, di pulau itu telah dibangun rumah serta resor. Namun, kata dia, rumah dan resor itu atas nama WNA. ""Apakah legalnya itu masih punya WNI tetapi mereka teken kontrak dengan yang bersangkutan atau bagaimana, kita belum tahu. Tetapi, secara kasat mata, pulau tersebut itu dibangun rumah, dibangun resor, atas nama asing,"" ujarnya. Padahal, menurutnya, berdasarkan aturan, pulau-pulau di Indonesia tak boleh dimiliki oleh WNA. Namun dia mengatakan pihak asing hanya diperbolehkan ikut dalam pengelolaan investasi. ""Secara aturan, itu kalau dimiliki asing, nggak boleh. Tapi kalau kemudian WNI atau badan hukum Indonesia bekerja sama dengan investor asing, ah ini kita belum anu, bagian dari investasi itu memang itu diperbolehkan. Tapi yang diperbolehkan adalah pengelolaannya, bukan kepemilikannya,"" tuturnya. Diketahui sebelumnya, di situs Private Islands Online, ada lima pulau di Indonesia yang dijual. Termasuk Pulau Panjang di Sumbawa, NTB. Situs tersebut mencantumkan Pulau Panjang Sumbawa dengan label 'For Sale' (dijual). Namun, pengumuman itu tidak menyertakan harga karena disesuaikan dengan permintaan. Keterangan lain menyebutkan pulau itu termasuk jenis pulau hak milik pribadi dengan luas 3.300 hektare. Saksikan pembahasan lengkapnya hanya di programdetikPagiedisi Rabu (02/07/2025). Nikmati terus menu sarapan informasi khas detikPagi secara langsung (live streaming) pada Senin-Jumat, pukul 08.00-11.00 WIB, di20.detik.com, YouTube dan TikTok detikcom. Tidak hanya menyimak, detikers juga bisa berbagi ide, cerita, hingga membagikan pertanyaan lewat kolomlive chat. ""Detik Pagi, Jangan Tidur Lagi!""",Trypama Randra,https://news.detik.com/berita/d-7991357/sejumlah-pulau-di-ntb-dan-bali-dikuasai-asing-kok-bisa,2025/07/02 07:58:00
Dirut Sritex Bantah Uang Rp 2 M Terkait Perkara: Tabungan Pendidikan Anak,"Kejaksaan Agung (Kejagung) menyita uang senilai Rp 2 miliar dari rumah Direktur Utama PT Sri Rejeki Isman (Sritex), Iwan Kurniawan Lukminto. Iwan menegaskan uang itu tak terkait perkara yang kini tengah disidik Kejagung. ""Terkait uang yang disita oleh penyidik sejumlah 2 miliar rupiah telah disampaikan bahwa itu tidak ada hubungannya dengan perkara ini,"" kata Pengacara Iwan Kurniawan, Calvin Wijaya saat dihubungi, Rabu (2/7/2025). ""Karena uang tersebut adalah tabungan keperluan pendidikan anak-anak di masa depan,"" lanjutnya. SCROLL TO CONTINUE WITH CONTENT Calvin menyebut Iwan menyerahkan uang itu sebagai wujud taat hukum dan mendukung kelancaran proses penyidikan yang dilakukan Kejagung. Dia memastikan bakal membuktikan bahwa uang tersebut bukan merupakan hasil korupsi. ""Bapak Iwan Kurniawan tetap memberikan uang tersebut untuk disita dan nanti akan menjelaskan serta membuktikan terkait penyitaan tersebut yang tidak ada kaitannya dengan perkara ini,"" ucap Calvin. Dia mengatakan Iwan menerima dan menyambut tim penyidik dengan baik. Serta mempersilakan untuk di cek secara menyeluruh demi lancarnya kepentingan proses penyidikan. ""Hal di atas juga diterima dengan baik oleh tim penyidik. Dimana pada serah terima dan penghitungan juga kondusif dan kooperatif, kami juga di apresiasi oleh tim penyidik Kejagung atas kerjasamanya,"" pungkas Calvin. Kejagung Sita Uang Rp 2 M Sebelumnya, Kejagung menggeledah rumah Direktur Utama PT Sri Rejeki Isman (Sritex), Iwan Kurniawan Lukminto. Pada penggeledahan itu, penyidik menyita uang senilai Rp 2 miliar. Kapuspenkum Kejagung, Harli Siregar menyatakan penggeledahan itu dilakukan pada Senin, (30/6) kemarin. Selain uang Rp 2 miliar, penyidik juga menyita sejumlah dokumen. ""Dalam penggeledahan tersebut, penyidik melakukan penyitaan terhadap dokumen dan sejumlah uang,"" kata Harli melalui keterangannya, Selasa (1/7/2025). Dia kemudian merinci uang Rp 2 miliar itu dipisah menjadi bagian yang berbeda. Pada kedua bagian uang tertuliskan PT Bank Central Asia, Tbk Cabang Solo. ""Satu pack plastik bening berisi uang pecahan Rp 100 ribu senilai Rp1 miliar tertuliskan PT Bank Central Asia, Tbk Cabang Solo tertanggal 20 Maret 2024,"" ungkap Harli. ""Satu pack plastik bening berisi uang pecahan Rp 100 ribu senilai Rp 1 miliar tertuliskan PT Bank Central Asia, Tbk Cabang Solo tertanggal 13 Mei 2024,"" lanjutnya. Dalam kasus ini, Sritex mendapatkan dana kredit dari Bank DKI dan juga Bank BJB senilai ratusan miliar rupiah. Namun, pemberian kredit tersebut diduga tidak sesuai dengan ketentuan. Bank DKI dan BJB diduga tidak melakukan analisis yang memadai terhadap Sritex sebelum pemberian kredit. Kedua bank diduga tidak mentaati prosedur serta persyaratan yang telah ditetapkan. Ditambah lagi, kredit yang diberikan Bank DKI dan BJB diduga digunakan tak sesuai peruntukannya oleh Sritex, yakni modal kerja. Kredit tersebut diduga digunakan untuk membayar utang hingga membeli aset non-produktif. Dalam kasus ini, Kejagung telah menetapkan tiga orang tersangka. Mereka adalah: 1. Mantan Dirut Sritex, Iwan Setiawan Lukminto2. Pemimpin Divisi Komersial dan Korporasi Bank BJB tahun 2020, Dicky Syahbandinata3. Direktur Utama Bank DKI tahun 2020, Zainuddin Mappa.",Rumondang Naibaho,https://news.detik.com/berita/d-7991699/dirut-sritex-bantah-uang-rp-2-m-terkait-perkara-tabungan-pendidikan-anak,2025/07/02 09:14:21
KPAI Minta Guru Ngaji Cabuli 10 Santri di Jaksel Dihukum Berat,"Komisi Perlindungan Anak Indonesia (KPAI) mengecam ulah seorang guru ngaji di Tebet, Jakarta Selatan (Jaksel) berinisial AF yang diduga mencabuli 10 orang santri. KPAI meminta pelaku dihukum berat. ""Iya (minta dihukum berat). Harus lebih diungkap karena dengan keberulangan betulkah pencabulan atau sampai persetubuhan. Karena itu dua hal dalam UU beragam, dan sangat mempengaruhi nanti pada tuntutan, proses hukum yang akan dilalui juga pasti ada perbedaan. Saya mohon kepolisian dengan seksama mengeluarkan hasil (penyelidikan),"" kata Ketua KPAI, Ai Maryati Solihah saat dihubungi, Rabu (2/7/2025). Ai menyebut pihaknya terus memantau kondisi korban. KPAI bersama pemangku kebijakan (stakeholder) terkait, lanjutnya, memberikan pendampingan pemulihan psikis korban. SCROLL TO CONTINUE WITH CONTENT ""KPAI memantau terus koordinasi terus dengan Polres Jaksel unit PPA, UPTDPPA untuk pendampingan lebih optimal pada anak-anak kita untuk mengetahui apa saja yang mereka alami rasakan,"" ujarnya. Lebih lanjut, untuk mencegah hal serupa terjadi, Ai meminta para orang tua untuk sama-sama melakukan pengawasan. Dia meminta orang tua lebih peka terhadap kondisi anaknya. ""Kita harus memiliki kewaspadaan dimana pun anak berada. Kadang-kadang kita menggunakan cara pandang orang dewasa, 'oh anak-anak di guru ngaji', kita menganggap 'oh aman mereka Di sana dengan orang yang memiliki ilmu agama'. Atau 'oh dia ada di guru lesnya, oh aman deh kalau ada di guru' misalnya. Ini mari kita lebih tingkatkan mendengar dan mengetahui apa yang anak-anak alami rasakan,"" jelasnya. Modus Ajarkan tentang Hadas Sebelumnya, seorang guru ngaji di Tebet, Jakarta Selatan, ditangkap polisi setelah diduga mencabuli 10 santri. Modusnya adalah dengan berpura-pura mengajarkan korban tentang hadas. ""(Modus) Memberikan pelajaran tambahan tentang hadas laki-laki dan perempuan,"" kata Kasat Reskrim Polres Metro Jaksel AKBP Ardian Satrio Utomo, dalam keterangannya, Senin (30/6). Ardian menyebut pelaku kerap mengiming-imingi korban dengan uang tunai serta melakukan intimidasi. Korban diiming-imingi pelaku uang Rp 10 ribu hingga Rp 25 ribu. ""(Pelaku) Melakukan intimidasi terhadap anak korban dan memberikan uang sebanyak Rp 10 ribu sampai Rp 25 ribu,"" ujarnya.",Wildan Noviansah,https://news.detik.com/berita/d-7991542/kpai-minta-guru-ngaji-cabuli-10-santri-di-jaksel-dihukum-berat,2025/07/02 06:03:20
